id,title,description,image_url,modal_image_url,tag,duration,features,modal_content,highlights
city-walking-tour,–ì–æ—Ä–æ–¥—Å–∫–∞—è —ç–∫—Å–∫—É—Ä—Å–∏—è 2.5 —á–∞—Å–∞ –ø–µ—à–∫–æ–º,–ü–µ—à–µ—Ö–æ–¥–Ω–∞—è —ç–∫—Å–∫—É—Ä—Å–∏—è –ø–æ –∏—Å—Ç–æ—Ä–∏—á–µ—Å–∫–æ–º—É —Ü–µ–Ω—Ç—Ä—É –£—à—É–∞–π–∏ —Å –ø–æ—Å–µ—â–µ–Ω–∏–µ–º –º—É–∑–µ—è –∏ –≤–∏–¥–æ–≤—ã—Ö –ø–ª–æ—â–∞–¥–æ–∫,https://images.unsplash.com/photo-1578662996442-48f60103fc96,https://images.unsplash.com/photo-1578662996442-48f60103fc96,–ì–æ—Ä–æ–¥—Å–∫–∏–µ,2.5 —á–∞—Å–∞,–ü–µ—à–µ—Ö–æ–¥–Ω—ã–µ –º–∞—Ä—à—Ä—É—Ç—ã;–ò—Å—Ç–æ—Ä–∏—á–µ—Å–∫–∏–π —Ü–µ–Ω—Ç—Ä;–ú—É–∑–µ–π;–†—É—Å—Å–∫–æ–≥–æ–≤–æ—Ä—è—â–∏–π –≥–∏–¥,"<strong>–ü–µ—à–µ—Ö–æ–¥–Ω–∞—è —ç–∫—Å–∫—É—Ä—Å–∏—è –ø–æ –£—à—É–∞–π–µ</strong> ‚Äî –∑–Ω–∞–∫–æ–º—Å—Ç–≤–æ —Å —Å–∞–º—ã–º —é–∂–Ω—ã–º –≥–æ—Ä–æ–¥–æ–º –º–∏—Ä–∞. –ü—Ä–æ–≥—É–ª–∫–∞ –ø–æ –∏—Å—Ç–æ—Ä–∏—á–µ—Å–∫–æ–º—É —Ü–µ–Ω—Ç—Ä—É, –ø–æ—Å–µ—â–µ–Ω–∏–µ –∑–¥–∞–Ω–∏—è –±—ã–≤—à–µ–π —Ç—é—Ä—å–º—ã (–Ω—ã–Ω–µ –ú–æ—Ä—Å–∫–æ–π –º—É–∑–µ–π), —Ä–∞—Å—Å–∫–∞–∑—ã –æ —Å—Ç–∞–Ω–æ–≤–ª–µ–Ω–∏–∏ –≥–æ—Ä–æ–¥–∞ –æ—Ç –∫–∞—Ç–æ—Ä–∂–Ω–æ–π –∫–æ–ª–æ–Ω–∏–∏ –¥–æ —Ç—É—Ä–∏—Å—Ç–∏—á–µ—Å–∫–æ–π —Å—Ç–æ–ª–∏—Ü—ã.","üèõÔ∏è –ß—Ç–æ –≤–∫–ª—é—á–µ–Ω–æ|–ü–µ—à–µ—Ö–æ–¥–Ω–∞—è —ç–∫—Å–∫—É—Ä—Å–∏—è –ø–æ —Ü–µ–Ω—Ç—Ä—É ‚Äî 2.5 —á–∞—Å–∞;–†—É—Å—Å–∫–æ–≥–æ–≤–æ—Ä—è—â–∏–π –≥–∏–¥;–ü–æ—Å–µ—â–µ–Ω–∏–µ –æ—Å–Ω–æ–≤–Ω—ã—Ö –¥–æ—Å—Ç–æ–ø—Ä–∏–º–µ—á–∞—Ç–µ–ª—å–Ω–æ—Å—Ç–µ–π##üí∞ –°—Ç–æ–∏–º–æ—Å—Ç—å|–ì—Ä—É–ø–ø–æ–≤–∞—è —Ü–µ–Ω–∞ –¥–æ 3 —á–µ–ª–æ–≤–µ–∫ ‚Äî $250;–î–æ–ø–ª–∞—Ç–∞ –∑–∞ –∫–∞–∂–¥–æ–≥–æ –¥–æ–ø–æ–ª–Ω–∏—Ç–µ–ª—å–Ω–æ–≥–æ ‚Äî –ø–æ –∑–∞–ø—Ä–æ—Å—É"
city-glacier-tour,–ì–æ—Ä–æ–¥—Å–∫–∞—è —ç–∫—Å–∫—É—Ä—Å–∏—è + –õ–µ–¥–Ω–∏–∫ –ú–∞—Ä—Å–∏–∞–ª—å,–ö–æ–º–±–∏–Ω–∏—Ä–æ–≤–∞–Ω–Ω–∞—è —ç–∫—Å–∫—É—Ä—Å–∏—è: –æ–±–∑–æ—Ä –≥–æ—Ä–æ–¥–∞ –ø–µ—à–∫–æ–º + –ø–æ–µ–∑–¥–∫–∞ –∫ –ª–µ–¥–Ω–∏–∫—É –ú–∞—Ä—Å–∏–∞–ª—å –Ω–∞ –∞–≤—Ç–æ–º–æ–±–∏–ª–µ,https://dynamic-media-cdn.tripadvisor.com/media/photo-o/16/7b/36/16/glacier-martial.jpg,https://dynamic-media-cdn.tripadvisor.com/media/photo-o/16/7b/36/16/glacier-martial.jpg,–ì–æ—Ä–æ–¥—Å–∫–∏–µ,4 —á–∞—Å–∞,–õ–µ–¥–Ω–∏–∫ –ú–∞—Ä—Å–∏–∞–ª—å;–ì–æ—Ä–æ–¥ –ø–µ—à–∫–æ–º;–ê–≤—Ç–æ–º–æ–±–∏–ª—å–Ω–∞—è —á–∞—Å—Ç—å;–°–º–æ—Ç—Ä–æ–≤—ã–µ –ø–ª–æ—â–∞–¥–∫–∏,"<strong>–ì–æ—Ä–æ–¥—Å–∫–∞—è —ç–∫—Å–∫—É—Ä—Å–∏—è + –õ–µ–¥–Ω–∏–∫ –ú–∞—Ä—Å–∏–∞–ª—å</strong> ‚Äî –∏–¥–µ–∞–ª—å–Ω–æ–µ —Å–æ—á–µ—Ç–∞–Ω–∏–µ –≥–æ—Ä–æ–¥—Å–∫–æ–π –∫—É–ª—å—Ç—É—Ä—ã –∏ –ø—Ä–∏—Ä–æ–¥—ã. –ù–∞—á–∏–Ω–∞–µ–º —Å –ø–µ—à–µ—Ö–æ–¥–Ω–æ–π –ø—Ä–æ–≥—É–ª–∫–∏ –ø–æ —Ü–µ–Ω—Ç—Ä—É –£—à—É–∞–π–∏, –∑–∞—Ç–µ–º –ø–æ–¥–Ω–∏–º–∞–µ–º—Å—è –∫ –ª–µ–¥–Ω–∏–∫—É –ú–∞—Ä—Å–∏–∞–ª—å —Å –ø—Ä–µ–∫—Ä–∞—Å–Ω—ã–º–∏ –≤–∏–¥–∞–º–∏ –Ω–∞ –≥–æ—Ä–æ–¥ –∏ –∫–∞–Ω–∞–ª –ë–∏–≥–ª—å.","üèîÔ∏è –ü—Ä–æ–≥—Ä–∞–º–º–∞ —ç–∫—Å–∫—É—Ä—Å–∏–∏|–ü–µ—à–µ—Ö–æ–¥–Ω–∞—è —á–∞—Å—Ç—å –≤ —Ü–µ–Ω—Ç—Ä–µ –≥–æ—Ä–æ–¥–∞ ‚Äî 2 —á–∞—Å–∞;–ü–æ–µ–∑–¥–∫–∞ –∫ –ª–µ–¥–Ω–∏–∫—É –ú–∞—Ä—Å–∏–∞–ª—å ‚Äî 2 —á–∞—Å–∞;–°–º–æ—Ç—Ä–æ–≤—ã–µ –ø–ª–æ—â–∞–¥–∫–∏ —Å –ø–∞–Ω–æ—Ä–∞–º–Ω—ã–º–∏ –≤–∏–¥–∞–º–∏##üí∞ –°—Ç–æ–∏–º–æ—Å—Ç—å|–ó–∞ —á–µ–ª–æ–≤–µ–∫–∞ ‚Äî $50;–°–æ–ø—Ä–æ–≤–æ–∂–¥–µ–Ω–∏–µ –≥–∏–¥–∞ ‚Äî $350;–î–æ–ø–ª–∞—Ç–∞ –∑–∞ –≥—Ä—É–ø–ø—É —Å–≤—ã—à–µ 12 —á–µ–ª–æ–≤–µ–∫ ‚Äî –ø–æ –∑–∞–ø—Ä–æ—Å—É"
viewpoint-picnic-light,–í–∏–¥–æ–≤–æ–π –ø–∏–∫–Ω–∏–∫/—Ñ—É—Ä—à–µ—Ç –õ–∞–π—Ç,–õ–µ–≥–∫–∏–π –ø–∏–∫–Ω–∏–∫ –Ω–∞ –ø—Ä–∏—Ä–æ–¥–µ —Å –≤–∏–¥–∞–º–∏ –Ω–∞ –∫–∞–Ω–∞–ª –ë–∏–≥–ª—å –∏ –≥–æ—Ä—ã (–∞–ª–∫–æ–≥–æ–ª—å–Ω—ã–µ –Ω–∞–ø–∏—Ç–∫–∏ –æ–ø–ª–∞—á–∏–≤–∞—é—Ç—Å—è –¥–æ–ø–æ–ª–Ω–∏—Ç–µ–ª—å–Ω–æ),https://images.unsplash.com/photo-1506905925346-21bda4d32df4,https://images.unsplash.com/photo-1506905925346-21bda4d32df4,–ì–∞—Å—Ç—Ä–æ–Ω–æ–º–∏—è,2-3 —á–∞—Å–∞,–ü–∞–Ω–æ—Ä–∞–º–Ω—ã–µ –≤–∏–¥—ã;–õ–µ–≥–∫–∏–π –ø–µ—Ä–µ–∫—É—Å;–§–æ—Ç–æ—Å–µ—Å—Å–∏–∏;–ö–∞–Ω–∞–ª –ë–∏–≥–ª—å,"<strong>–í–∏–¥–æ–≤–æ–π –ø–∏–∫–Ω–∏–∫ –õ–∞–π—Ç</strong> ‚Äî —Ä–æ–º–∞–Ω—Ç–∏—á–µ—Å–∫–∏–π –æ—Ç–¥—ã—Ö –Ω–∞ –ø—Ä–∏—Ä–æ–¥–µ —Å –∑–∞—Ö–≤–∞—Ç—ã–≤–∞—é—â–∏–º–∏ –≤–∏–¥–∞–º–∏. –û—Ä–≥–∞–Ω–∏–∑—É–µ–º –ø–∏–∫–Ω–∏–∫ –≤ –∂–∏–≤–æ–ø–∏—Å–Ω–æ–º –º–µ—Å—Ç–µ —Å –≤–∏–¥–æ–º –Ω–∞ –∫–∞–Ω–∞–ª –ë–∏–≥–ª—å, –≥–æ—Ä–Ω—ã–µ –≤–µ—Ä—à–∏–Ω—ã –∏ –≥–æ—Ä–æ–¥ –£—à—É–∞–π—è.","üçΩÔ∏è –ß—Ç–æ –≤—Ö–æ–¥–∏—Ç –≤ –ø–∏–∫–Ω–∏–∫|–õ–µ–≥–∫–∏–µ –∑–∞–∫—É—Å–∫–∏ –∏ —Å–Ω–µ–∫–∏;–ì–æ—Ä—è—á–∏–µ –∏ —Ö–æ–ª–æ–¥–Ω—ã–µ –Ω–∞–ø–∏—Ç–∫–∏ (–±–µ–∑–∞–ª–∫–æ–≥–æ–ª—å–Ω—ã–µ);–ö—Ä–∞—Å–∏–≤–∞—è —Å–µ—Ä–≤–∏—Ä–æ–≤–∫–∞ –Ω–∞ –ø—Ä–∏—Ä–æ–¥–µ;–ü–∞–Ω–æ—Ä–∞–º–Ω—ã–µ –≤–∏–¥—ã##üí∞ –°—Ç–æ–∏–º–æ—Å—Ç—å|–ó–∞ —á–µ–ª–æ–≤–µ–∫–∞ ‚Äî $80;–ê–ª–∫–æ–≥–æ–ª—å–Ω—ã–µ –Ω–∞–ø–∏—Ç–∫–∏ ‚Äî –æ–ø–ª–∞—á–∏–≤–∞—é—Ç—Å—è –æ—Ç–¥–µ–ª—å–Ω–æ"
viewpoint-picnic-premium,–í–∏–¥–æ–≤–æ–π –ø–∏–∫–Ω–∏–∫/—Ñ—É—Ä—à–µ—Ç –ü—Ä–µ–º–∏—É–º,–ü—Ä–µ–º–∏—É–º –ø–∏–∫–Ω–∏–∫ —Å –∏–∑—ã—Å–∫–∞–Ω–Ω—ã–º–∏ –±–ª—é–¥–∞–º–∏ –ø–∞—Ç–∞–≥–æ–Ω—Å–∫–æ–π –∫—É—Ö–Ω–∏ –∏ –≤–∏–Ω–Ω—ã–º —Å–æ–ø—Ä–æ–≤–æ–∂–¥–µ–Ω–∏–µ–º,https://images.unsplash.com/photo-1555939594-58d7cb561ad1,https://images.unsplash.com/photo-1555939594-58d7cb561ad1,–ì–∞—Å—Ç—Ä–æ–Ω–æ–º–∏—è,3-4 —á–∞—Å–∞,–ü—Ä–µ–º–∏—É–º –º–µ–Ω—é;–í–∏–Ω–Ω–æ–µ —Å–æ–ø—Ä–æ–≤–æ–∂–¥–µ–Ω–∏–µ;–ü–∞—Ç–∞–≥–æ–Ω—Å–∫–∞—è –∫—É—Ö–Ω—è;–≠–∫—Å–∫–ª—é–∑–∏–≤–Ω—ã–µ –ª–æ–∫–∞—Ü–∏–∏,"<strong>–í–∏–¥–æ–≤–æ–π –ø–∏–∫–Ω–∏–∫ –ü—Ä–µ–º–∏—É–º</strong> ‚Äî —Ä–æ—Å–∫–æ—à–Ω—ã–π –≥–∞—Å—Ç—Ä–æ–Ω–æ–º–∏—á–µ—Å–∫–∏–π –æ–ø—ã—Ç –Ω–∞ –ø—Ä–∏—Ä–æ–¥–µ. –ò–∑—ã—Å–∫–∞–Ω–Ω–æ–µ –º–µ–Ω—é –∏–∑ –ø—Ä–æ–¥—É–∫—Ç–æ–≤ –ü–∞—Ç–∞–≥–æ–Ω–∏–∏, –ø—Ä–æ—Ñ–µ—Å—Å–∏–æ–Ω–∞–ª—å–Ω–∞—è –ø–æ–¥–∞—á–∞, –≤–∏–Ω–Ω—ã–µ –ø–∞—Ä—ã –æ—Ç —Å–æ–º–µ–ª—å–µ.","üç∑ –ü—Ä–µ–º–∏—É–º –ø—Ä–æ–≥—Ä–∞–º–º–∞|–ò–∑—ã—Å–∫–∞–Ω–Ω—ã–µ –±–ª—é–¥–∞ –ø–∞—Ç–∞–≥–æ–Ω—Å–∫–æ–π –∫—É—Ö–Ω–∏;–ü—Ä–æ—Ñ–µ—Å—Å–∏–æ–Ω–∞–ª—å–Ω–∞—è –ø–æ–¥–∞—á–∞ –∏ —Å–µ—Ä–≤–∏—Ä–æ–≤–∫–∞;–í–∏–Ω–Ω–æ–µ —Å–æ–ø—Ä–æ–≤–æ–∂–¥–µ–Ω–∏–µ –æ—Ç —Å–æ–º–µ–ª—å–µ;–≠–∫—Å–∫–ª—é–∑–∏–≤–Ω—ã–µ –ª–æ–∫–∞—Ü–∏–∏ —Å –ª—É—á—à–∏–º–∏ –≤–∏–¥–∞–º–∏##üí∞ –°—Ç–æ–∏–º–æ—Å—Ç—å|–ó–∞ —á–µ–ª–æ–≤–µ–∫–∞ ‚Äî $120;–ê–ª–∫–æ–≥–æ–ª—å–Ω—ã–µ –Ω–∞–ø–∏—Ç–∫–∏ ‚Äî –≤–∫–ª—é—á–µ–Ω—ã –±–∞–∑–æ–≤—ã–µ –ø–æ–∑–∏—Ü–∏–∏"
viewpoint-spa,–í–∏–¥–æ–≤—ã–µ –°–ü–ê,–°–ü–ê-–ø—Ä–æ—Ü–µ–¥—É—Ä—ã –Ω–∞ –ø—Ä–∏—Ä–æ–¥–µ —Å –ø–∞–Ω–æ—Ä–∞–º–Ω—ã–º–∏ –≤–∏–¥–∞–º–∏ –Ω–∞ –∫–∞–Ω–∞–ª –ë–∏–≥–ª—å (—Å–µ–∞–Ω—Å 3 —á–∞—Å–∞),https://images.unsplash.com/photo-1571019613454-1cb2f99b2d8b,https://images.unsplash.com/photo-1571019613454-1cb2f99b2d8b,–°–ü–ê,3 —á–∞—Å–∞,–ü–∞–Ω–æ—Ä–∞–º–Ω—ã–µ –≤–∏–¥—ã;–ü—Ä–∏—Ä–æ–¥–Ω—ã–µ –°–ü–ê;–†–µ–ª–∞–∫—Å–∞—Ü–∏—è;–ì–æ—Ä—è—á–∏–µ –∏—Å—Ç–æ—á–Ω–∏–∫–∏,"<strong>–í–∏–¥–æ–≤—ã–µ –°–ü–ê</strong> ‚Äî —É–Ω–∏–∫–∞–ª—å–Ω—ã–π wellness –æ–ø—ã—Ç –Ω–∞ –∫—Ä–∞—é —Å–≤–µ—Ç–∞. –°–ü–ê-–ø—Ä–æ—Ü–µ–¥—É—Ä—ã –Ω–∞ –æ—Ç–∫—Ä—ã—Ç–æ–º –≤–æ–∑–¥—É—Ö–µ —Å –∑–∞—Ö–≤–∞—Ç—ã–≤–∞—é—â–∏–º–∏ –≤–∏–¥–∞–º–∏ –Ω–∞ –∫–∞–Ω–∞–ª –ë–∏–≥–ª—å –∏ –∑–∞—Å–Ω–µ–∂–µ–Ω–Ω—ã–µ –ø–∏–∫–∏ –ê–Ω–¥.","üßò –°–ü–ê –ø—Ä–æ–≥—Ä–∞–º–º–∞|–ú–∞—Å—Å–∞–∂ –Ω–∞ –æ—Ç–∫—Ä—ã—Ç–æ–º –≤–æ–∑–¥—É—Ö–µ ‚Äî –≤–∏–¥—ã –Ω–∞ –∫–∞–Ω–∞–ª –ë–∏–≥–ª—å;–ì–æ—Ä—è—á–∏–µ –≤–∞–Ω–Ω—ã —Å —ç—Ñ–∏—Ä–Ω—ã–º–∏ –º–∞—Å–ª–∞–º–∏;–ú–µ–¥–∏—Ç–∞—Ç–∏–≤–Ω—ã–µ –ø—Ä–∞–∫—Ç–∏–∫–∏ –Ω–∞ –ø—Ä–∏—Ä–æ–¥–µ;–¢—Ä–∞–≤—è–Ω—ã–µ —á–∞–∏ –∏ —Ä–µ–ª–∞–∫—Å##üí∞ –°—Ç–æ–∏–º–æ—Å—Ç—å|–ó–∞ —Å–µ–∞–Ω—Å 3 —á–∞—Å–∞ ‚Äî $150;–í–∫–ª—é—á–µ–Ω–æ: –ø—Ä–æ—Ü–µ–¥—É—Ä—ã –∏ –Ω–∞–ø–∏—Ç–∫–∏"
national-park-private-4h,–ù–∞—Ü–∏–æ–Ω–∞–ª—å–Ω—ã–π –ø–∞—Ä–∫ —Å —Ä—É—Å—Å–∫–∏–º –≥–∏–¥–æ–º 4 —á–∞—Å–∞,–ò–Ω–¥–∏–≤–∏–¥—É–∞–ª—å–Ω–∞—è —ç–∫—Å–∫—É—Ä—Å–∏—è –≤ –µ–¥–∏–Ω—Å—Ç–≤–µ–Ω–Ω—ã–π –º–æ—Ä—Å–∫–æ–π –Ω–∞—Ü–∏–æ–Ω–∞–ª—å–Ω—ã–π –ø–∞—Ä–∫ –ê—Ä–≥–µ–Ω—Ç–∏–Ω—ã —Å —Ä—É—Å—Å–∫–æ–≥–æ–≤–æ—Ä—è—â–∏–º –≥–∏–¥–æ–º,https://patagoniaplus.com/wp-content/uploads/2023/06/617.jpg,https://patagoniaplus.com/wp-content/uploads/2023/06/617.jpg,–ù–∞—Ü–∏–æ–Ω–∞–ª—å–Ω—ã–µ –ø–∞—Ä–∫–∏,4 —á–∞—Å–∞,–†—É—Å—Å–∫–æ–≥–æ–≤–æ—Ä—è—â–∏–π –≥–∏–¥;–ú–æ—Ä—Å–∫–æ–π –ø–∞—Ä–∫;–¢—Ä–µ–∫–∫–∏–Ω–≥ —Ç—Ä–æ–ø—ã;–î–∏–∫–∞—è –ø—Ä–∏—Ä–æ–¥–∞,"<strong>–ù–∞—Ü–∏–æ–Ω–∞–ª—å–Ω—ã–π –ø–∞—Ä–∫ –û–≥–Ω–µ–Ω–Ω–∞—è –ó–µ–º–ª—è</strong> ‚Äî 63 000 –≥–µ–∫—Ç–∞—Ä–æ–≤ –Ω–µ—Ç—Ä–æ–Ω—É—Ç–æ–π —Å—É–±–∞–Ω—Ç–∞—Ä–∫—Ç–∏—á–µ—Å–∫–æ–π –ø—Ä–∏—Ä–æ–¥—ã. –ï–¥–∏–Ω—Å—Ç–≤–µ–Ω–Ω—ã–π –º–æ—Ä—Å–∫–æ–π –Ω–∞—Ü–∏–æ–Ω–∞–ª—å–Ω—ã–π –ø–∞—Ä–∫ –ê—Ä–≥–µ–Ω—Ç–∏–Ω—ã, –≥–¥–µ –≤—Å—Ç—Ä–µ—á–∞—é—Ç—Å—è –æ–∫–µ–∞–Ω, –≥–æ—Ä—ã –∏ –¥–µ–≤—Å—Ç–≤–µ–Ω–Ω—ã–µ –ª–µ—Å–∞.","üå≤ –ü—Ä–æ–≥—Ä–∞–º–º–∞ –≤ –ø–∞—Ä–∫–µ|–ü–æ—Å–µ—â–µ–Ω–∏–µ –±—É—Ö—Ç—ã –õ–∞–ø–∞—Ç–∞–π—è ‚Äî –∫–æ–Ω–µ—á–Ω–∞—è —Å—Ç–∞–Ω—Ü–∏—è –ø–∞–Ω–∞–º–µ—Ä–∏–∫–∞–Ω—Å–∫–æ–≥–æ —à–æ—Å—Å–µ;–¢—Ä–µ–∫–∫–∏–Ω–≥ –ø–æ —ç–∫–æ–ª–æ–≥–∏—á–µ—Å–∫–∏–º —Ç—Ä–æ–ø–∞–º;–ù–∞–±–ª—é–¥–µ–Ω–∏–µ –∑–∞ –¥–∏–∫–æ–π –ø—Ä–∏—Ä–æ–¥–æ–π –∏ –ø—Ç–∏—Ü–∞–º–∏;–§–æ—Ç–æ—Å–µ—Å—Å–∏–∏ –≤ –∂–∏–≤–æ–ø–∏—Å–Ω—ã—Ö –ª–æ–∫–∞—Ü–∏—è—Ö##üí∞ –°—Ç–æ–∏–º–æ—Å—Ç—å|–ó–∞ —á–µ–ª–æ–≤–µ–∫–∞ ‚Äî $481;–ì–∏–¥ —Ä—É—Å—Å–∫–æ–≥–æ–≤–æ—Ä—è—â–∏–π ‚Äî $350;–í—Ö–æ–¥–Ω—ã–µ –±–∏–ª–µ—Ç—ã –≤ –ø–∞—Ä–∫ ‚Äî $40 (–æ–ø–ª–∞—á–∏–≤–∞—é—Ç—Å—è –æ—Ç–¥–µ–ª—å–Ω–æ)"
national-park-private-6h,–ù–∞—Ü–∏–æ–Ω–∞–ª—å–Ω—ã–π –ø–∞—Ä–∫ —Å —Ä—É—Å—Å–∫–∏–º –≥–∏–¥–æ–º 6 —á–∞—Å–æ–≤,–†–∞—Å—à–∏—Ä–µ–Ω–Ω–∞—è –∏–Ω–¥–∏–≤–∏–¥—É–∞–ª—å–Ω–∞—è —ç–∫—Å–∫—É—Ä—Å–∏—è –≤ –Ω–∞—Ü–∏–æ–Ω–∞–ª—å–Ω—ã–π –ø–∞—Ä–∫ —Å –¥–æ–ø–æ–ª–Ω–∏—Ç–µ–ª—å–Ω—ã–º–∏ —Ç—Ä–æ–ø–∞–º–∏ –∏ –ª–æ–∫–∞—Ü–∏—è–º–∏,https://patagoniaplus.com/wp-content/uploads/2023/06/617.jpg,https://patagoniaplus.com/wp-content/uploads/2023/06/617.jpg,–ù–∞—Ü–∏–æ–Ω–∞–ª—å–Ω—ã–µ –ø–∞—Ä–∫–∏,6 —á–∞—Å–æ–≤,–†–∞—Å—à–∏—Ä–µ–Ω–Ω–∞—è –ø—Ä–æ–≥—Ä–∞–º–º–∞;–†—É—Å—Å–∫–æ–≥–æ–≤–æ—Ä—è—â–∏–π –≥–∏–¥;–î–æ–ø–æ–ª–Ω–∏—Ç–µ–ª—å–Ω—ã–µ —Ç—Ä–æ–ø—ã;–ü–∏–∫–Ω–∏–∫ –≤ –ø–∞—Ä–∫–µ,"<strong>–†–∞—Å—à–∏—Ä–µ–Ω–Ω–∞—è –ø—Ä–æ–≥—Ä–∞–º–º–∞ –≤ –ù–∞—Ü–∏–æ–Ω–∞–ª—å–Ω–æ–º –ø–∞—Ä–∫–µ</strong> ‚Äî –º–∞–∫—Å–∏–º–∞–ª—å–Ω–æ–µ –ø–æ–≥—Ä—É–∂–µ–Ω–∏–µ –≤ –ø—Ä–∏—Ä–æ–¥—É –û–≥–Ω–µ–Ω–Ω–æ–π –ó–µ–º–ª–∏. –ü–æ—Å–µ—â–µ–Ω–∏–µ –¥–æ–ø–æ–ª–Ω–∏—Ç–µ–ª—å–Ω—ã—Ö —Ç—Ä–æ–ø, —É–∫—Ä–æ–º–Ω—ã—Ö –±—É—Ö—Ç –∏ –≤–∏–¥–æ–≤—ã—Ö –ø–ª–æ—â–∞–¥–æ–∫.","ü•æ –†–∞—Å—à–∏—Ä–µ–Ω–Ω–∞—è –ø—Ä–æ–≥—Ä–∞–º–º–∞|–í—Å–µ –æ—Å–Ω–æ–≤–Ω—ã–µ –ª–æ–∫–∞—Ü–∏–∏ –ø–∞—Ä–∫–∞;–î–æ–ø–æ–ª–Ω–∏—Ç–µ–ª—å–Ω—ã–µ —Ç—Ä–µ–∫–∫–∏–Ω–≥–æ–≤—ã–µ —Ç—Ä–æ–ø—ã;–£–∫—Ä–æ–º–Ω—ã–µ –±—É—Ö—Ç—ã –∏ –ø–ª—è–∂–∏;–ü–∏–∫–Ω–∏–∫ –Ω–∞ –ø—Ä–∏—Ä–æ–¥–µ —Å –≤–∏–¥–∞–º–∏ –Ω–∞ –æ–∫–µ–∞–Ω##üí∞ –°—Ç–æ–∏–º–æ—Å—Ç—å|–ó–∞ —á–µ–ª–æ–≤–µ–∫–∞ ‚Äî $650;–ì–∏–¥ —Ä—É—Å—Å–∫–æ–≥–æ–≤–æ—Ä—è—â–∏–π ‚Äî $350;–í—Ö–æ–¥–Ω—ã–µ –±–∏–ª–µ—Ç—ã ‚Äî $40;–ü–∏–∫–Ω–∏–∫ ‚Äî –≤–∫–ª—é—á–µ–Ω"
national-park-group,–ù–∞—Ü–∏–æ–Ω–∞–ª—å–Ω—ã–π –ø–∞—Ä–∫ –≥—Ä—É–ø–ø–æ–≤–∞—è —ç–∫—Å–∫—É—Ä—Å–∏—è,–ì—Ä—É–ø–ø–æ–≤–∞—è —ç–∫—Å–∫—É—Ä—Å–∏—è –≤ –Ω–∞—Ü–∏–æ–Ω–∞–ª—å–Ω—ã–π –ø–∞—Ä–∫ —Å –∞–Ω–≥–ª–æ/–∏—Å–ø–∞–Ω–æ–≥–æ–≤–æ—Ä—è—â–∏–º –≥–∏–¥–æ–º,https://patagoniaplus.com/wp-content/uploads/2023/06/617.jpg,https://patagoniaplus.com/wp-content/uploads/2023/06/617.jpg,–ù–∞—Ü–∏–æ–Ω–∞–ª—å–Ω—ã–µ –ø–∞—Ä–∫–∏,4-5 —á–∞—Å–æ–≤,–ì—Ä—É–ø–ø–æ–≤–∞—è —ç–∫—Å–∫—É—Ä—Å–∏—è;–ê–Ω–≥–ª–æ/–∏—Å–ø–∞–Ω—Å–∫–∏–π –≥–∏–¥;–û—Å–Ω–æ–≤–Ω—ã–µ –ª–æ–∫–∞—Ü–∏–∏;–≠–∫–æ–Ω–æ–º–Ω—ã–π –≤–∞—Ä–∏–∞–Ω—Ç,"<strong>–ì—Ä—É–ø–ø–æ–≤–∞—è —ç–∫—Å–∫—É—Ä—Å–∏—è –≤ –ø–∞—Ä–∫</strong> ‚Äî —ç–∫–æ–Ω–æ–º–∏—á–Ω—ã–π —Å–ø–æ—Å–æ–± –ø–æ–∑–Ω–∞–∫–æ–º–∏—Ç—å—Å—è —Å –Ω–∞—Ü–∏–æ–Ω–∞–ª—å–Ω—ã–º –ø–∞—Ä–∫–æ–º –û–≥–Ω–µ–Ω–Ω–∞—è –ó–µ–º–ª—è –≤ –∏–Ω—Ç–µ—Ä–Ω–∞—Ü–∏–æ–Ω–∞–ª—å–Ω–æ–π –≥—Ä—É–ø–ø–µ.","üöå –ì—Ä—É–ø–ø–æ–≤–∞—è –ø—Ä–æ–≥—Ä–∞–º–º–∞|–û—Å–Ω–æ–≤–Ω—ã–µ –¥–æ—Å—Ç–æ–ø—Ä–∏–º–µ—á–∞—Ç–µ–ª—å–Ω–æ—Å—Ç–∏ –ø–∞—Ä–∫–∞;–ü—Ä–æ—Ñ–µ—Å—Å–∏–æ–Ω–∞–ª—å–Ω—ã–π –≥–∏–¥ (–∞–Ω–≥–ª/–∏—Å–ø);–ò–Ω—Ç–µ—Ä–Ω–∞—Ü–∏–æ–Ω–∞–ª—å–Ω–∞—è –≥—Ä—É–ø–ø–∞ –¥–æ 20 —á–µ–ª–æ–≤–µ–∫;–¢—Ä–∞–Ω—Å–ø–æ—Ä—Ç–Ω–æ–µ –æ–±—Å–ª—É–∂–∏–≤–∞–Ω–∏–µ##üí∞ –°—Ç–æ–∏–º–æ—Å—Ç—å|–ó–∞ —á–µ–ª–æ–≤–µ–∫–∞ ‚Äî $120;–í—Ö–æ–¥–Ω—ã–µ –±–∏–ª–µ—Ç—ã ‚Äî $40 (–æ—Ç–¥–µ–ª—å–Ω–æ)"
park-entrance-tickets,–í—Ö–æ–¥–Ω—ã–µ –±–∏–ª–µ—Ç—ã –ù–∞—Ü–∏–æ–Ω–∞–ª—å–Ω—ã–π –ø–∞—Ä–∫,–í—Ö–æ–¥–Ω—ã–µ –±–∏–ª–µ—Ç—ã –≤ –ù–∞—Ü–∏–æ–Ω–∞–ª—å–Ω—ã–π –ø–∞—Ä–∫ –û–≥–Ω–µ–Ω–Ω–∞—è –ó–µ–º–ª—è (–ø–æ–∫—É–ø–∞—é—Ç—Å—è –æ—Ç–¥–µ–ª—å–Ω–æ –æ—Ç —ç–∫—Å–∫—É—Ä—Å–∏–π),https://images.unsplash.com/photo-1586348943529-beaae6c28db9,https://images.unsplash.com/photo-1586348943529-beaae6c28db9,–í—Ö–æ–¥–Ω—ã–µ –±–∏–ª–µ—Ç—ã,–ü–æ–ª–Ω—ã–π –¥–µ–Ω—å,–û—Ñ–∏—Ü–∏–∞–ª—å–Ω—ã–µ –±–∏–ª–µ—Ç—ã;–í—Å–µ –∑–æ–Ω—ã –ø–∞—Ä–∫–∞;–≠–∫–æ–ª–æ–≥–∏—á–µ—Å–∫–∏–µ —Ç—Ä–æ–ø—ã;–°–º–æ—Ç—Ä–æ–≤—ã–µ –ø–ª–æ—â–∞–¥–∫–∏,"<strong>–í—Ö–æ–¥–Ω—ã–µ –±–∏–ª–µ—Ç—ã –≤ –ù–∞—Ü–∏–æ–Ω–∞–ª—å–Ω—ã–π –ø–∞—Ä–∫</strong> ‚Äî –æ–±—è–∑–∞—Ç–µ–ª—å–Ω—ã–π —ç–ª–µ–º–µ–Ω—Ç –¥–ª—è –ø–æ—Å–µ—â–µ–Ω–∏—è –æ—Ö—Ä–∞–Ω—è–µ–º–æ–π –ø—Ä–∏—Ä–æ–¥–Ω–æ–π —Ç–µ—Ä—Ä–∏—Ç–æ—Ä–∏–∏. –î–∞—é—Ç –¥–æ—Å—Ç—É–ø –∫–æ –≤—Å–µ–º —ç–∫–æ–ª–æ–≥–∏—á–µ—Å–∫–∏–º —Ç—Ä–æ–ø–∞–º –∏ —Å–º–æ—Ç—Ä–æ–≤—ã–º –ø–ª–æ—â–∞–¥–∫–∞–º.","üé´ –ß—Ç–æ –¥–∞—é—Ç –±–∏–ª–µ—Ç—ã|–î–æ—Å—Ç—É–ø –∫–æ –≤—Å–µ–º –∑–æ–Ω–∞–º –ø–∞—Ä–∫–∞;–ò—Å–ø–æ–ª—å–∑–æ–≤–∞–Ω–∏–µ —ç–∫–æ–ª–æ–≥–∏—á–µ—Å–∫–∏—Ö —Ç—Ä–æ–ø;–ü–æ—Å–µ—â–µ–Ω–∏–µ —Å–º–æ—Ç—Ä–æ–≤—ã—Ö –ø–ª–æ—â–∞–¥–æ–∫;–û—Ñ–∏—Ü–∏–∞–ª—å–Ω–∞—è –∫–∞—Ä—Ç–∞ –ø–∞—Ä–∫–∞##üí∞ –°—Ç–æ–∏–º–æ—Å—Ç—å|–í–∑—Ä–æ—Å–ª—ã–π –±–∏–ª–µ—Ç ‚Äî $40;–î–µ—Ç—Å–∫–∏–π –±–∏–ª–µ—Ç ‚Äî –ø–æ –∑–∞–ø—Ä–æ—Å—É"
train-end-world-regular,–ü–æ–µ–∑–¥ –ö–æ–Ω—Ü–∞ —Å–≤–µ—Ç–∞ –æ–±—ã—á–Ω—ã–π –±–∏–ª–µ—Ç,–ü–æ–µ–∑–¥ –ø–æ –∏—Å—Ç–æ—Ä–∏—á–µ—Å–∫–æ–π –∂–µ–ª–µ–∑–Ω–æ–π –¥–æ—Ä–æ–≥–µ –∑–∞–∫–ª—é—á–µ–Ω–Ω—ã—Ö —Å –æ–±—ã—á–Ω—ã–º–∏ –≤–∞–≥–æ–Ω–∞–º–∏ (1 —á–∞—Å),https://dynamic-media-cdn.tripadvisor.com/media/photo-o/0e/2b/0e/65/tren-del-fin-del-mundo.jpg,https://dynamic-media-cdn.tripadvisor.com/media/photo-o/0e/2b/0e/65/tren-del-fin-del-mundo.jpg,–ü–æ–µ–∑–¥–∞,1 —á–∞—Å,–ò—Å—Ç–æ—Ä–∏—á–µ—Å–∫–∞—è –∂–µ–ª–µ–∑–Ω–∞—è –¥–æ—Ä–æ–≥–∞;–û–±—ã—á–Ω—ã–µ –≤–∞–≥–æ–Ω—ã;–ü–∞–Ω–æ—Ä–∞–º–Ω—ã–µ –æ–∫–Ω–∞;–ê—É–¥–∏–æ–≥–∏–¥,"<strong>–ü–æ–µ–∑–¥ –∫–æ–Ω—Ü–∞ —Å–≤–µ—Ç–∞</strong> ‚Äî –ø—É—Ç–µ—à–µ—Å—Ç–≤–∏–µ –ø–æ –∏—Å—Ç–æ—Ä–∏—á–µ—Å–∫–æ–π –∂–µ–ª–µ–∑–Ω–æ–π –¥–æ—Ä–æ–≥–µ –∑–∞–∫–ª—é—á–µ–Ω–Ω—ã—Ö. –ü–æ–µ–∑–¥ —Å–ª–µ–¥—É–µ—Ç –ø–æ –º–∞—Ä—à—Ä—É—Ç—É, –∫–æ—Ç–æ—Ä—ã–º –≤ –Ω–∞—á–∞–ª–µ XX –≤–µ–∫–∞ –ø–µ—Ä–µ–≤–æ–∑–∏–ª–∏ –∑–∞–∫–ª—é—á–µ–Ω–Ω—ã—Ö –¥–ª—è –∑–∞–≥–æ—Ç–æ–≤–∫–∏ –¥—Ä–æ–≤.","üöÇ –ß—Ç–æ –≤–∫–ª—é—á–µ–Ω–æ –≤ –ø–æ–µ–∑–¥–∫—É|–ü–æ–µ–∑–¥–∫–∞ –ø–æ –∏—Å—Ç–æ—Ä–∏—á–µ—Å–∫–æ–π –∂–µ–ª–µ–∑–Ω–æ–π –¥–æ—Ä–æ–≥–µ ‚Äî 1 —á–∞—Å;–ü–∞–Ω–æ—Ä–∞–º–Ω—ã–µ –≤–∏–¥—ã –∏–∑ –æ–∫–æ–Ω –ø–æ–µ–∑–¥–∞;–†–∞—Å—Å–∫–∞–∑ –æ–± –∏—Å—Ç–æ—Ä–∏–∏ –∂–µ–ª–µ–∑–Ω–æ–π –¥–æ—Ä–æ–≥–∏;–û—Å—Ç–∞–Ω–æ–≤–∫–∞ –Ω–∞ —Å—Ç–∞–Ω—Ü–∏–∏ –ü–∞—Ä–∫##üí∞ –°—Ç–æ–∏–º–æ—Å—Ç—å|–í–∑—Ä–æ—Å–ª—ã–π –±–∏–ª–µ—Ç ‚Äî $70;–î–µ—Ç—Å–∫–∏–π –±–∏–ª–µ—Ç ‚Äî $35"
train-end-world-premium,–ü–æ–µ–∑–¥ –ö–æ–Ω—Ü–∞ —Å–≤–µ—Ç–∞ –ø—Ä–µ–º–∏—É–º –±–∏–ª–µ—Ç,–ü–æ–µ–∑–¥ –ø–æ –∏—Å—Ç–æ—Ä–∏—á–µ—Å–∫–æ–π –∂–µ–ª–µ–∑–Ω–æ–π –¥–æ—Ä–æ–≥–µ —Å –ø—Ä–µ–º–∏—É–º –≤–∞–≥–æ–Ω–∞–º–∏ –∏ —É–ª—É—á—à–µ–Ω–Ω—ã–º —Å–µ—Ä–≤–∏—Å–æ–º,https://dynamic-media-cdn.tripadvisor.com/media/photo-o/0e/2b/0e/65/tren-del-fin-del-mundo.jpg,https://dynamic-media-cdn.tripadvisor.com/media/photo-o/0e/2b/0e/65/tren-del-fin-del-mundo.jpg,–ü–æ–µ–∑–¥–∞,1 —á–∞—Å,–ü—Ä–µ–º–∏—É–º –≤–∞–≥–æ–Ω—ã;–†–∞—Å—à–∏—Ä–µ–Ω–Ω—ã–π —Å–µ—Ä–≤–∏—Å;–õ—É—á—à–∏–µ –º–µ—Å—Ç–∞;–ü—Ä–∏–≤–µ—Ç—Å—Ç–≤–µ–Ω–Ω—ã–π –∫–æ–∫—Ç–µ–π–ª—å,"<strong>–ü—Ä–µ–º–∏—É–º –ø–æ–µ–∑–¥ –∫–æ–Ω—Ü–∞ —Å–≤–µ—Ç–∞</strong> ‚Äî –ø—É—Ç–µ—à–µ—Å—Ç–≤–∏–µ —Å –ø–æ–≤—ã—à–µ–Ω–Ω—ã–º –∫–æ–º—Ñ–æ—Ä—Ç–æ–º. –ü—Ä–µ–º–∏—É–º –≤–∞–≥–æ–Ω—ã —Å —É–ª—É—á—à–µ–Ω–Ω—ã–º–∏ —Å–∏–¥–µ–Ω—å—è–º–∏, –ø—Ä–∏–≤–µ—Ç—Å—Ç–≤–µ–Ω–Ω—ã–º –∫–æ–∫—Ç–µ–π–ª–µ–º –∏ –ø–µ—Ä—Å–æ–Ω–∞–ª—å–Ω—ã–º —Å–µ—Ä–≤–∏—Å–æ–º.","ü•Ç –ü—Ä–µ–º–∏—É–º —Å–µ—Ä–≤–∏—Å|–ü—Ä–µ–º–∏—É–º –≤–∞–≥–æ–Ω—ã —Å –∫–æ–º—Ñ–æ—Ä—Ç–Ω—ã–º–∏ —Å–∏–¥–µ–Ω—å—è–º–∏;–ü—Ä–∏–≤–µ—Ç—Å—Ç–≤–µ–Ω–Ω—ã–π –∫–æ–∫—Ç–µ–π–ª—å;–ü–µ—Ä—Å–æ–Ω–∞–ª—å–Ω–æ–µ –æ–±—Å–ª—É–∂–∏–≤–∞–Ω–∏–µ;–°—É–≤–µ–Ω–∏—Ä—ã –æ—Ç –∂–µ–ª–µ–∑–Ω–æ–π –¥–æ—Ä–æ–≥–∏##üí∞ –°—Ç–æ–∏–º–æ—Å—Ç—å|–í–∑—Ä–æ—Å–ª—ã–π –±–∏–ª–µ—Ç ‚Äî $150;–î–µ—Ç—Å–∫–∏–π –±–∏–ª–µ—Ç ‚Äî $75"
beagle-channel-sea-lions,–ú–æ—Ä—Å–∫–∞—è –ø—Ä–æ–≥—É–ª–∫–∞ –∫ –º–æ—Ä—Å–∫–∏–º –ª—å–≤–∞–º + –º–∞—è–∫,–ú–æ—Ä—Å–∫–∞—è —ç–∫—Å–∫—É—Ä—Å–∏—è –ø–æ –∫–∞–Ω–∞–ª—É –ë–∏–≥–ª—å –∫ –æ—Å—Ç—Ä–æ–≤—É –º–æ—Ä—Å–∫–∏—Ö –ª—å–≤–æ–≤ –∏ –∑–Ω–∞–º–µ–Ω–∏—Ç–æ–º—É –º–∞—è–∫—É (3 —á–∞—Å–∞),https://dynamic-media-cdn.tripadvisor.com/media/photo-o/2d/2f/37/2f/faro-les-eclereurs.jpg,https://dynamic-media-cdn.tripadvisor.com/media/photo-o/2d/2f/37/2f/faro-les-eclereurs.jpg,–ú–æ—Ä—Å–∫–∏–µ,3 —á–∞—Å–∞,–ö–∞–Ω–∞–ª –ë–∏–≥–ª—å;–ú–æ—Ä—Å–∫–∏–µ –ª—å–≤—ã;–ú–∞—è–∫;–û—Å—Ç—Ä–æ–≤ –õ–æ–±–æ—Å,"<strong>–ö–∞–Ω–∞–ª –ë–∏–≥–ª—å</strong> ‚Äî –ª–µ–≥–µ–Ω–¥–∞—Ä–Ω—ã–π –ø—Ä–æ–ª–∏–≤, –Ω–∞–∑–≤–∞–Ω–Ω—ã–π –≤ —á–µ—Å—Ç—å –∫–æ—Ä–∞–±–ª—è –î–∞—Ä–≤–∏–Ω–∞. –ú–æ—Ä—Å–∫–∞—è –ø—Ä–æ–≥—É–ª–∫–∞ –∫ –æ—Å—Ç—Ä–æ–≤—É –º–æ—Ä—Å–∫–∏—Ö –ª—å–≤–æ–≤ –∏ –∑–Ω–∞–º–µ–Ω–∏—Ç–æ–º—É –º–∞—è–∫—É –≠–∫–ª–∞–π—Ä—ë—Ä—Å ‚Äî –æ–±—è–∑–∞—Ç–µ–ª—å–Ω–æ–µ –ø—É—Ç–µ—à–µ—Å—Ç–≤–∏–µ –≤ –£—à—É–∞–π–µ.","ü¶≠ –ú–æ—Ä—Å–∫–∞—è –ø—Ä–æ–≥—Ä–∞–º–º–∞|–ü—Ä–æ–≥—É–ª–∫–∞ –ø–æ –∫–∞–Ω–∞–ª—É –ë–∏–≥–ª—å ‚Äî 3 —á–∞—Å–∞;–û—Å—Ç—Ä–æ–≤ –õ–æ–±–æ—Å —Å –∫–æ–ª–æ–Ω–∏–µ–π –º–æ—Ä—Å–∫–∏—Ö –ª—å–≤–æ–≤;–ú–∞—è–∫ –≠–∫–ª–∞–π—Ä—ë—Ä—Å ‚Äî —Å–∏–º–≤–æ–ª –∫–æ–Ω—Ü–∞ —Å–≤–µ—Ç–∞;–û—Å—Ç—Ä–æ–≤ –ø—Ç–∏—Ü ‚Äî –±–∞–∫–ª–∞–Ω—ã –∏ –∞–ª—å–±–∞—Ç—Ä–æ—Å—ã##üí∞ –°—Ç–æ–∏–º–æ—Å—Ç—å|–ó–∞ —á–µ–ª–æ–≤–µ–∫–∞ ‚Äî $100;–ë–µ–∑ –≥–∏–¥–∞;–ì—Ä—É–ø–ø—ã 12+ ‚Äî –ø–æ –∑–∞–ø—Ä–æ—Å—É"
beagle-channel-penguins,–ú–æ—Ä—Å–∫–∞—è –ø—Ä–æ–≥—É–ª–∫–∞ –∫ –ø–∏–Ω–≥–≤–∏–Ω–∞–º + –º–∞—è–∫,–ú–æ—Ä—Å–∫–∞—è —ç–∫—Å–∫—É—Ä—Å–∏—è –∫ –∫–æ–ª–æ–Ω–∏–∏ –ø–∏–Ω–≥–≤–∏–Ω–æ–≤ –±–µ–∑ –≤—ã—Å–∞–¥–∫–∏ –Ω–∞ –æ—Å—Ç—Ä–æ–≤ (5 —á–∞—Å–æ–≤),https://images.unsplash.com/photo-1551986782-d0169b3f8fa7,https://images.unsplash.com/photo-1551986782-d0169b3f8fa7,–ú–æ—Ä—Å–∫–∏–µ,5 —á–∞—Å–æ–≤,–ü–∏–Ω–≥–≤–∏–Ω—ã –ú–∞–≥–µ–ª–ª–∞–Ω—ã;–ë–µ–∑ –≤—ã—Å–∞–¥–∫–∏;–ö–∞–Ω–∞–ª –ë–∏–≥–ª—å;–û—Å—Ç—Ä–æ–≤ –ú–∞—Ä—Ç–∏–ª—å–æ,"<strong>–ü–∏–Ω–≥–≤–∏–Ω—ã –ú–∞–≥–µ–ª–ª–∞–Ω–æ–≤—ã</strong> ‚Äî –≤—Å—Ç—Ä–µ—á–∞ —Å —Å–∏–º–≤–æ–ª–∞–º–∏ –ü–∞—Ç–∞–≥–æ–Ω–∏–∏ –≤ –∏—Ö –µ—Å—Ç–µ—Å—Ç–≤–µ–Ω–Ω–æ–π —Å—Ä–µ–¥–µ –æ–±–∏—Ç–∞–Ω–∏—è. –ú–æ—Ä—Å–∫–∞—è –ø—Ä–æ–≥—É–ª–∫–∞ –∫ –æ—Å—Ç—Ä–æ–≤—É –ú–∞—Ä—Ç–∏–ª—å–æ –¥–ª—è –Ω–∞–±–ª—é–¥–µ–Ω–∏—è –∑–∞ –∫–æ–ª–æ–Ω–∏–µ–π –ø–∏–Ω–≥–≤–∏–Ω–æ–≤.","üêß –ü–∏–Ω–≥–≤–∏–Ω—ã –≤ –µ—Å—Ç–µ—Å—Ç–≤–µ–Ω–Ω–æ–π —Å—Ä–µ–¥–µ|–ü–ª–∞–≤–∞–Ω–∏–µ –∫ –æ—Å—Ç—Ä–æ–≤—É –ú–∞—Ä—Ç–∏–ª—å–æ ‚Äî 5 —á–∞—Å–æ–≤;–ù–∞–±–ª—é–¥–µ–Ω–∏–µ –∑–∞ –ø–∏–Ω–≥–≤–∏–Ω–∞–º–∏ –ú–∞–≥–µ–ª–ª–∞–Ω–∞–º–∏;–ú–æ—Ä—Å–∫–∏–µ –ª—å–≤—ã –∏ –ø—Ç–∏—Ü—ã –∫–∞–Ω–∞–ª–∞;–í–æ–∑–º–æ–∂–Ω–æ—Å—Ç—å —Ñ–æ—Ç–æ–≥—Ä–∞—Ñ–∏—Ä–æ–≤–∞–Ω–∏—è —Å –±–æ—Ä—Ç–∞ –∫–∞—Ç–∞–º–∞—Ä–∞–Ω–∞##üí∞ –°—Ç–æ–∏–º–æ—Å—Ç—å|–ó–∞ —á–µ–ª–æ–≤–µ–∫–∞ ‚Äî $165;–ë–µ–∑ –≤—ã—Å–∞–¥–∫–∏ –Ω–∞ –æ—Å—Ç—Ä–æ–≤;–ë–µ–∑ –≥–∏–¥–∞"
penguin-landing-group,–≠–∫—Å–∫—É—Ä—Å–∏—è –∫ –ø–∏–Ω–≥–≤–∏–Ω–∞–º —Å –≤—ã—Å–∞–¥–∫–æ–π –≥—Ä—É–ø–ø–æ–≤–∞—è,–ì—Ä—É–ø–ø–æ–≤–∞—è —ç–∫—Å–∫—É—Ä—Å–∏—è –∫ –ø–∏–Ω–≥–≤–∏–Ω–∞–º —Å –≤—ã—Å–∞–¥–∫–æ–π –Ω–∞ –æ—Å—Ç—Ä–æ–≤ –ú–∞—Ä—Ç–∏–ª—å–æ —Å –∞–Ω–≥–ª–æ/–∏—Å–ø–∞–Ω–æ–≥–æ–≤–æ—Ä—è—â–∏–º –≥–∏–¥–æ–º,https://images.unsplash.com/photo-1551986782-d0169b3f8fa7,https://images.unsplash.com/photo-1551986782-d0169b3f8fa7,–ú–æ—Ä—Å–∫–∏–µ,–ü–æ–ª–Ω—ã–π –¥–µ–Ω—å,–í—ã—Å–∞–¥–∫–∞ –Ω–∞ –æ—Å—Ç—Ä–æ–≤;–ì—Ä—É–ø–ø–æ–≤–∞—è —ç–∫—Å–∫—É—Ä—Å–∏—è;–ü–∏–Ω–≥–≤–∏–Ω—ã –≤–±–ª–∏–∑–∏;–ê–Ω–≥–ª–æ/–∏—Å–ø–∞–Ω—Å–∫–∏–π –≥–∏–¥,"<strong>–û—Å—Ç—Ä–æ–≤ –ú–∞—Ä—Ç–∏–ª—å–æ</strong> ‚Äî —É–Ω–∏–∫–∞–ª—å–Ω–∞—è –≤–æ–∑–º–æ–∂–Ω–æ—Å—Ç—å –≤—ã—Å–∞–¥–∏—Ç—å—Å—è –Ω–∞ –æ—Å—Ç—Ä–æ–≤ —Å –∫–æ–ª–æ–Ω–∏–µ–π –ø–∏–Ω–≥–≤–∏–Ω–æ–≤ –ú–∞–≥–µ–ª–ª–∞–Ω–æ–≤. –ü–µ—à–∞—è –ø—Ä–æ–≥—É–ª–∫–∞ —Å—Ä–µ–¥–∏ –ø–∏–Ω–≥–≤–∏–Ω–æ–≤ –ø–æ–¥ —Ä—É–∫–æ–≤–æ–¥—Å—Ç–≤–æ–º –≥–∏–¥–∞-–±–∏–æ–ª–æ–≥–∞.","üö∂ –í—ã—Å–∞–¥–∫–∞ –Ω–∞ –æ—Å—Ç—Ä–æ–≤|–ú–æ—Ä—Å–∫–∞—è –ø—Ä–æ–≥—É–ª–∫–∞ –∫ –æ—Å—Ç—Ä–æ–≤—É –ú–∞—Ä—Ç–∏–ª—å–æ;–í—ã—Å–∞–¥–∫–∞ –Ω–∞ –æ—Å—Ç—Ä–æ–≤ ‚Äî 1 —á–∞—Å —Å—Ä–µ–¥–∏ –ø–∏–Ω–≥–≤–∏–Ω–æ–≤;–ü–µ—à–∞—è –ø—Ä–æ–≥—É–ª–∫–∞ –ø–æ –æ—Å—Ç—Ä–æ–≤—É —Å –≥–∏–¥–æ–º-–±–∏–æ–ª–æ–≥–æ–º;–ë–ª–∏–∑–∫–æ–µ –∑–Ω–∞–∫–æ–º—Å—Ç–≤–æ —Å –ø–∏–Ω–≥–≤–∏–Ω–∞–º–∏ –ú–∞–≥–µ–ª–ª–∞–Ω–∞–º–∏##üí∞ –°—Ç–æ–∏–º–æ—Å—Ç—å|–ó–∞ —á–µ–ª–æ–≤–µ–∫–∞ ‚Äî $250;–ì—Ä—É–ø–ø–æ–≤–∞—è —ç–∫—Å–∫—É—Ä—Å–∏—è —Å –∞–Ω–≥–ª–æ/–∏—Å–ø–∞–Ω—Å–∫–∏–º –≥–∏–¥–æ–º"
penguin-no-landing-group,–≠–∫—Å–∫—É—Ä—Å–∏—è –∫ –ø–∏–Ω–≥–≤–∏–Ω–∞–º –ë–ï–ó –≤—ã—Å–∞–¥–∫–∏ –≥—Ä—É–ø–ø–æ–≤–∞—è,–ì—Ä—É–ø–ø–æ–≤–∞—è —ç–∫—Å–∫—É—Ä—Å–∏—è –∫ –ø–∏–Ω–≥–≤–∏–Ω–∞–º –±–µ–∑ –≤—ã—Å–∞–¥–∫–∏ –Ω–∞ –æ—Å—Ç—Ä–æ–≤ —Å –∞–Ω–≥–ª–æ/–∏—Å–ø–∞–Ω–æ–≥–æ–≤–æ—Ä—è—â–∏–º –≥–∏–¥–æ–º,https://images.unsplash.com/photo-1551986782-d0169b3f8fa7,https://images.unsplash.com/photo-1551986782-d0169b3f8fa7,–ú–æ—Ä—Å–∫–∏–µ,5 —á–∞—Å–æ–≤,–ë–µ–∑ –≤—ã—Å–∞–¥–∫–∏;–ì—Ä—É–ø–ø–æ–≤–∞—è —ç–∫—Å–∫—É—Ä—Å–∏—è;–ù–∞–±–ª—é–¥–µ–Ω–∏–µ —Å –∫–∞—Ç–∞–º–∞—Ä–∞–Ω–∞;–ê–Ω–≥–ª–æ/–∏—Å–ø–∞–Ω—Å–∫–∏–π –≥–∏–¥,"<strong>–ü–∏–Ω–≥–≤–∏–Ω—ã —Å –∫–∞—Ç–∞–º–∞—Ä–∞–Ω–∞</strong> ‚Äî –Ω–∞–±–ª—é–¥–µ–Ω–∏–µ –∑–∞ –∫–æ–ª–æ–Ω–∏–µ–π –ø–∏–Ω–≥–≤–∏–Ω–æ–≤ —Å –±–æ—Ä—Ç–∞ —Å—É–¥–Ω–∞. –ë–æ–ª–µ–µ —ç–∫–æ–Ω–æ–º–∏—á–Ω—ã–π –≤–∞—Ä–∏–∞–Ω—Ç –∑–Ω–∞–∫–æ–º—Å—Ç–≤–∞ —Å –º–æ—Ä—Å–∫–æ–π —Ñ–∞—É–Ω–æ–π –∫–∞–Ω–∞–ª–∞ –ë–∏–≥–ª—å.","‚õµ –ù–∞–±–ª—é–¥–µ–Ω–∏–µ —Å –∫–∞—Ç–∞–º–∞—Ä–∞–Ω–∞|–ú–æ—Ä—Å–∫–∞—è –ø—Ä–æ–≥—É–ª–∫–∞ –ø–æ –∫–∞–Ω–∞–ª—É –ë–∏–≥–ª—å;–ü–æ–¥—Ö–æ–¥ –∫ –æ—Å—Ç—Ä–æ–≤—É –ø–∏–Ω–≥–≤–∏–Ω–æ–≤ –Ω–∞ –±–ª–∏–∑–∫–æ–µ —Ä–∞—Å—Å—Ç–æ—è–Ω–∏–µ;–ù–∞–±–ª—é–¥–µ–Ω–∏–µ –∏ —Ñ–æ—Ç–æ–≥—Ä–∞—Ñ–∏—Ä–æ–≤–∞–Ω–∏–µ —Å –±–æ—Ä—Ç–∞;–†–∞—Å—Å–∫–∞–∑ –≥–∏–¥–∞ –æ –º–æ—Ä—Å–∫–æ–π —ç–∫–æ—Å–∏—Å—Ç–µ–º–µ##üí∞ –°—Ç–æ–∏–º–æ—Å—Ç—å|–ó–∞ —á–µ–ª–æ–≤–µ–∫–∞ ‚Äî $150;–ì—Ä—É–ø–ø–æ–≤–∞—è —ç–∫—Å–∫—É—Ä—Å–∏—è;–ê–Ω–≥–ª–æ/–∏—Å–ø–∞–Ω—Å–∫–∏–π –≥–∏–¥"
penguin-fishing-village-landing,–ü–∏–Ω–≥–≤–∏–Ω—ã —Å –≤—ã—Å–∞–¥–∫–æ–π + —Ä—ã–±–∞—Ü–∫–∞—è –¥–µ—Ä–µ–≤–Ω—è,–¶–µ–ª–æ–¥–Ω–µ–≤–Ω–∞—è –ø—Ä–æ–≥—Ä–∞–º–º–∞: –ø–∏–Ω–≥–≤–∏–Ω—ã —Å –≤—ã—Å–∞–¥–∫–æ–π + –ø–æ—Å–µ—â–µ–Ω–∏–µ —Ä—ã–±–∞—Ü–∫–æ–π –¥–µ—Ä–µ–≤–Ω–∏ —Å —Ä—É—Å—Å–∫–æ–≥–æ–≤–æ—Ä—è—â–∏–º –≥–∏–¥–æ–º,https://images.unsplash.com/photo-1551986782-d0169b3f8fa7,https://images.unsplash.com/photo-1551986782-d0169b3f8fa7,–ö–æ–º–±–∏–Ω–∏—Ä–æ–≤–∞–Ω–Ω—ã–µ,–í–µ—Å—å –¥–µ–Ω—å,–ü–∏–Ω–≥–≤–∏–Ω—ã —Å –≤—ã—Å–∞–¥–∫–æ–π;–†—ã–±–∞—Ü–∫–∞—è –¥–µ—Ä–µ–≤–Ω—è;–†—É—Å—Å–∫–æ–≥–æ–≤–æ—Ä—è—â–∏–π –≥–∏–¥;–¢—Ä–∞–Ω—Å—Ñ–µ—Ä,"<strong>–ú–∞–∫—Å–∏–º–∞–ª—å–Ω–∞—è –ø—Ä–æ–≥—Ä–∞–º–º–∞</strong> ‚Äî –ø–æ–ª–Ω–æ–µ –∑–Ω–∞–∫–æ–º—Å—Ç–≤–æ —Å –≤–æ—Å—Ç–æ—á–Ω–æ–π —á–∞—Å—Ç—å—é –û–≥–Ω–µ–Ω–Ω–æ–π –ó–µ–º–ª–∏. –ü–∏–Ω–≥–≤–∏–Ω—ã, —Ä—ã–±–∞—Ü–∫–∞—è –¥–µ—Ä–µ–≤–Ω—è, –∞—É—Ç–µ–Ω—Ç–∏—á–Ω–∞—è –∫—É–ª—å—Ç—É—Ä–∞ –∏ –ø–æ—Ç—Ä—è—Å–∞—é—â–∏–µ –ø–µ–π–∑–∞–∂–∏.","üêßüé£ –ü–æ–ª–Ω–∞—è –ø—Ä–æ–≥—Ä–∞–º–º–∞ –¥–Ω—è|–£—Ç—Ä–æ–º: –º–æ—Ä—Å–∫–∞—è –ø—Ä–æ–≥—É–ª–∫–∞ –∫ –ø–∏–Ω–≥–≤–∏–Ω–∞–º —Å –≤—ã—Å–∞–¥–∫–æ–π;–û–±–µ–¥ –≤ —Ä—ã–±–∞—Ü–∫–æ–π –¥–µ—Ä–µ–≤–Ω–µ;–ó–Ω–∞–∫–æ–º—Å—Ç–≤–æ —Å –±—ã—Ç–æ–º –º–µ—Å—Ç–Ω—ã—Ö —Ä—ã–±–∞–∫–æ–≤;–î–µ–≥—É—Å—Ç–∞—Ü–∏—è –º–æ—Ä–µ–ø—Ä–æ–¥—É–∫—Ç–æ–≤ –∏ –º–µ—Å—Ç–Ω—ã—Ö –¥–µ–ª–∏–∫–∞—Ç–µ—Å–æ–≤##üí∞ –°—Ç–æ–∏–º–æ—Å—Ç—å|–ó–∞ —á–µ–ª–æ–≤–µ–∫–∞ ‚Äî $250;–†—É—Å—Å–∫–æ–≥–æ–≤–æ—Ä—è—â–∏–π –≥–∏–¥ ‚Äî $450;–¢—Ä–∞–Ω—Å—Ñ–µ—Ä –≤–∫–ª—é—á–µ–Ω"
penguin-fishing-village-no-landing,–ü–∏–Ω–≥–≤–∏–Ω—ã –ë–ï–ó –≤—ã—Å–∞–¥–∫–∏ + —Ä—ã–±–∞—Ü–∫–∞—è –¥–µ—Ä–µ–≤–Ω—è,–¶–µ–ª–æ–¥–Ω–µ–≤–Ω–∞—è –ø—Ä–æ–≥—Ä–∞–º–º–∞: –ø–∏–Ω–≥–≤–∏–Ω—ã –±–µ–∑ –≤—ã—Å–∞–¥–∫–∏ + –ø–æ—Å–µ—â–µ–Ω–∏–µ —Ä—ã–±–∞—Ü–∫–æ–π –¥–µ—Ä–µ–≤–Ω–∏ —Å —Ä—É—Å—Å–∫–æ–≥–æ–≤–æ—Ä—è—â–∏–º –≥–∏–¥–æ–º,https://images.unsplash.com/photo-1551986782-d0169b3f8fa7,https://images.unsplash.com/photo-1551986782-d0169b3f8fa7,–ö–æ–º–±–∏–Ω–∏—Ä–æ–≤–∞–Ω–Ω—ã–µ,–í–µ—Å—å –¥–µ–Ω—å,–ü–∏–Ω–≥–≤–∏–Ω—ã –±–µ–∑ –≤—ã—Å–∞–¥–∫–∏;–†—ã–±–∞—Ü–∫–∞—è –¥–µ—Ä–µ–≤–Ω—è;–†—É—Å—Å–∫–æ–≥–æ–≤–æ—Ä—è—â–∏–π –≥–∏–¥;–≠–∫–æ–Ω–æ–º–Ω—ã–π –≤–∞—Ä–∏–∞–Ω—Ç,"<strong>–≠–∫–æ–Ω–æ–º–Ω–∞—è –≤–µ—Ä—Å–∏—è –ø—Ä–æ–≥—Ä–∞–º–º—ã</strong> ‚Äî –∑–Ω–∞–∫–æ–º—Å—Ç–≤–æ —Å –≤–æ—Å—Ç–æ—á–Ω–æ–π –û–≥–Ω–µ–Ω–Ω–æ–π –ó–µ–º–ª–µ–π –±–µ–∑ –≤—ã—Å–∞–¥–∫–∏ –Ω–∞ –æ—Å—Ç—Ä–æ–≤ –ø–∏–Ω–≥–≤–∏–Ω–æ–≤, –Ω–æ —Å –ø–æ–ª–Ω—ã–º –ø–æ–≥—Ä—É–∂–µ–Ω–∏–µ–º –≤ —Ä—ã–±–∞—Ü–∫—É—é –∫—É–ª—å—Ç—É—Ä—É.","üé£ –ü—Ä–æ–≥—Ä–∞–º–º–∞ –¥–Ω—è|–£—Ç—Ä–æ–º: –º–æ—Ä—Å–∫–∞—è –ø—Ä–æ–≥—É–ª–∫–∞ –∫ –ø–∏–Ω–≥–≤–∏–Ω–∞–º (–Ω–∞–±–ª—é–¥–µ–Ω–∏–µ —Å –∫–∞—Ç–∞–º–∞—Ä–∞–Ω–∞);–ü–µ—Ä–µ–µ–∑–¥ –≤ —Ä—ã–±–∞—Ü–∫—É—é –¥–µ—Ä–µ–≤–Ω—é;–û–±–µ–¥ –∏ –∑–Ω–∞–∫–æ–º—Å—Ç–≤–æ —Å –±—ã—Ç–æ–º —Ä—ã–±–∞–∫–æ–≤;–î–µ–≥—É—Å—Ç–∞—Ü–∏—è –º–æ—Ä–µ–ø—Ä–æ–¥—É–∫—Ç–æ–≤##üí∞ –°—Ç–æ–∏–º–æ—Å—Ç—å|–ó–∞ —á–µ–ª–æ–≤–µ–∫–∞ ‚Äî $150;–†—É—Å—Å–∫–æ–≥–æ–≤–æ—Ä—è—â–∏–π –≥–∏–¥ ‚Äî $450;–¢—Ä–∞–Ω—Å—Ñ–µ—Ä –≤–∫–ª—é—á–µ–Ω"
crab-fishing-lunch,–†—ã–±–∞–ª–∫–∞ –Ω–∞ –∫—Ä–∞–±–∞ + –æ–±–µ–¥,–†—ã–±–∞–ª–∫–∞ –Ω–∞ –∫–æ—Ä–æ–ª–µ–≤—Å–∫–æ–≥–æ –∫—Ä–∞–±–∞ —Å –ø–æ—Å–ª–µ–¥—É—é—â–µ–π –¥–µ–≥—É—Å—Ç–∞—Ü–∏–µ–π —É–ª–æ–≤–∞ (–Ω–æ—è–±—Ä—å-–º–∞—Ä—Ç),https://images.unsplash.com/photo-1559827260-dc66d52bef19,https://images.unsplash.com/photo-1559827260-dc66d52bef19,–†—ã–±–∞–ª–∫–∞,4-5 —á–∞—Å–æ–≤,–ö–æ—Ä–æ–ª–µ–≤—Å–∫–∏–π –∫—Ä–∞–±;–†—ã–±–∞–ª–∫–∞;–î–µ–≥—É—Å—Ç–∞—Ü–∏—è —É–ª–æ–≤–∞;–°–µ–∑–æ–Ω–Ω–æ –Ω–æ—è–±—Ä—å-–º–∞—Ä—Ç,"<strong>–†—ã–±–∞–ª–∫–∞ –Ω–∞ –∫–æ—Ä–æ–ª–µ–≤—Å–∫–æ–≥–æ –∫—Ä–∞–±–∞</strong> ‚Äî —É–Ω–∏–∫–∞–ª—å–Ω—ã–π –≥–∞—Å—Ç—Ä–æ–Ω–æ–º–∏—á–µ—Å–∫–∏–π –æ–ø—ã—Ç. –ü–æ–π–º–∞–π—Ç–µ —Å–∞–º–æ—Å—Ç–æ—è—Ç–µ–ª—å–Ω–æ –¥–µ–ª–∏–∫–∞—Ç–µ—Å, –∫–æ—Ç–æ—Ä—ã–π –ø–æ–¥–∞—é—Ç –≤ –ª—É—á—à–∏—Ö —Ä–µ—Å—Ç–æ—Ä–∞–Ω–∞—Ö –º–∏—Ä–∞, –∏ —Ç—É—Ç –∂–µ –ø–æ–ø—Ä–æ–±—É–π—Ç–µ –µ–≥–æ.","ü¶Ä –†—ã–±–∞–ª–∫–∞ –∏ –¥–µ–≥—É—Å—Ç–∞—Ü–∏—è|–í—ã—Ö–æ–¥ –≤ –º–æ—Ä–µ –Ω–∞ —Å–ø–µ—Ü–∏–∞–ª–∏–∑–∏—Ä–æ–≤–∞–Ω–Ω–æ–º —Å—É–¥–Ω–µ;–†—ã–±–∞–ª–∫–∞ –Ω–∞ –∫–æ—Ä–æ–ª–µ–≤—Å–∫–æ–≥–æ –∫—Ä–∞–±–∞ —Å –ø—Ä–æ—Ñ–µ—Å—Å–∏–æ–Ω–∞–ª—å–Ω—ã–º–∏ —Å–Ω–∞—Å—Ç—è–º–∏;–ú–∞—Å—Ç–µ—Ä-–∫–ª–∞—Å—Å –ø–æ –ø—Ä–∏–≥–æ—Ç–æ–≤–ª–µ–Ω–∏—é –∫—Ä–∞–±–∞ –Ω–∞ –±–æ—Ä—Ç—É;–î–µ–≥—É—Å—Ç–∞—Ü–∏—è —Å–≤–µ–∂–µ–≤—ã–ª–æ–≤–ª–µ–Ω–Ω–æ–≥–æ –∫—Ä–∞–±–∞##üí∞ –°—Ç–æ–∏–º–æ—Å—Ç—å|–ó–∞ —á–µ–ª–æ–≤–µ–∫–∞ ‚Äî $150;–°–µ–∑–æ–Ω: –Ω–æ—è–±—Ä—å - –º–∞—Ä—Ç;–û–ø—Ü–∏–æ–Ω–∞–ª—å–Ω–æ –ø—Ä–∏ –ø–æ–µ–∑–¥–∫–µ –∫ –ø–∏–Ω–≥–≤–∏–Ω–∞–º"
harberton-ranch,–≠–∫—Å–∫—É—Ä—Å–∏—è –Ω–∞ —Ä–∞–Ω—á–æ –•–∞—Ä–±–µ—Ä—Ç–æ–Ω,–ü–æ—Å–µ—â–µ–Ω–∏–µ –∏—Å—Ç–æ—Ä–∏—á–µ—Å–∫–æ–≥–æ —Ä–∞–Ω—á–æ –∏ –º—É–∑–µ—è –º–æ—Ä—Å–∫–∏—Ö –º–ª–µ–∫–æ–ø–∏—Ç–∞—é—â–∏—Ö (–¥–æ–ø–æ–ª–Ω–µ–Ω–∏–µ –∫ –ø–∏–Ω–≥–≤–∏–Ω–∞–º —Å –≤—ã—Å–∞–¥–∫–æ–π),https://images.unsplash.com/photo-1500382017468-9049fed747ef,https://images.unsplash.com/photo-1500382017468-9049fed747ef,–ò—Å—Ç–æ—Ä–∏—á–µ—Å–∫–∏–µ,2-3 —á–∞—Å–∞,–ò—Å—Ç–æ—Ä–∏—á–µ—Å–∫–æ–µ —Ä–∞–Ω—á–æ;–ú—É–∑–µ–π –º–æ—Ä—Å–∫–∏—Ö –º–ª–µ–∫–æ–ø–∏—Ç–∞—é—â–∏—Ö;–ü–µ—Ä–≤—ã–µ –ø–æ—Å–µ–ª–µ–Ω—Ü—ã;–î–æ–ø–æ–ª–Ω–∏—Ç–µ–ª—å–Ω–∞—è –æ–ø—Ü–∏—è,"<strong>–†–∞–Ω—á–æ –•–∞—Ä–±–µ—Ä—Ç–æ–Ω</strong> ‚Äî —Å—Ç–∞—Ä–µ–π—à–µ–µ —Ä–∞–Ω—á–æ –û–≥–Ω–µ–Ω–Ω–æ–π –ó–µ–º–ª–∏, –æ—Å–Ω–æ–≤–∞–Ω–Ω–æ–µ –∞–Ω–≥–ª–∏–π—Å–∫–∏–º–∏ –º–∏—Å—Å–∏–æ–Ω–µ—Ä–∞–º–∏ –≤ 1886 –≥–æ–¥—É. –ú—É–∑–µ–π, –ø—Ä–∏—Ä–æ–¥–∞ –∏ –∏—Å—Ç–æ—Ä–∏—è –ø–µ—Ä–≤—ã—Ö –µ–≤—Ä–æ–ø–µ–π—Å–∫–∏—Ö –ø–æ—Å–µ–ª–µ–Ω—Ü–µ–≤.","üè° –ò—Å—Ç–æ—Ä–∏—á–µ—Å–∫–æ–µ –Ω–∞—Å–ª–µ–¥–∏–µ|–≠–∫—Å–∫—É—Ä—Å–∏—è –ø–æ –∏—Å—Ç–æ—Ä–∏—á–µ—Å–∫–æ–º—É —Ä–∞–Ω—á–æ –•–∞—Ä–±–µ—Ä—Ç–æ–Ω;–ú—É–∑–µ–π –º–æ—Ä—Å–∫–∏—Ö –º–ª–µ–∫–æ–ø–∏—Ç–∞—é—â–∏—Ö;–ò—Å—Ç–æ—Ä–∏—è –ø–µ—Ä–≤—ã—Ö –µ–≤—Ä–æ–ø–µ–π—Å–∫–∏—Ö –ø–æ—Å–µ–ª–µ–Ω—Ü–µ–≤;–ü—Ä–∏—Ä–æ–¥–Ω—ã–µ —Ç—Ä–æ–ø—ã –∏ —Å–∞–¥—ã —Ä–∞–Ω—á–æ##üí∞ –°—Ç–æ–∏–º–æ—Å—Ç—å|–ó–∞ —á–µ–ª–æ–≤–µ–∫–∞ ‚Äî $40;–¢–æ–ª—å–∫–æ –≤ –∫–æ–º–±–∏–Ω–∞—Ü–∏–∏ —Å –ø–∏–Ω–≥–≤–∏–Ω–∞–º–∏ —Å –≤—ã—Å–∞–¥–∫–æ–π;–ì–∏–¥ ‚Äî $450"
shipwreck-ranch-day,–ó–∞—Ç–æ–Ω—É–≤—à–∏–π –∫–æ—Ä–∞–±–ª—å + —Å—Ç–∞—Ä–∏–Ω–Ω–æ–µ —Ä–∞–Ω—á–æ –¥–µ–Ω—å,–î–Ω–µ–≤–Ω–∞—è —ç–∫—Å–∫—É—Ä—Å–∏—è –∫ –∫–æ—Ä–∞–±–ª–µ–∫—Ä—É—à–µ–Ω–∏—é –î–µ—Å—Å–º–æ—á–∞–¥–æ –∏ –∏—Å—Ç–æ—Ä–∏—á–µ—Å–∫–æ–º—É —Ä–∞–Ω—á–æ –±–µ–∑ –Ω–æ—á–µ–≤–∫–∏,https://images.unsplash.com/photo-1544551763-46a013bb70d5,https://images.unsplash.com/photo-1544551763-46a013bb70d5,–ò—Å—Ç–æ—Ä–∏—á–µ—Å–∫–∏–µ,–í–µ—Å—å –¥–µ–Ω—å,–ó–∞—Ç–æ–Ω—É–≤—à–∏–π –∫–æ—Ä–∞–±–ª—å;–ò—Å—Ç–æ—Ä–∏—á–µ—Å–∫–æ–µ —Ä–∞–Ω—á–æ;–†—É—Å—Å–∫–æ–≥–æ–≤–æ—Ä—è—â–∏–π –≥–∏–¥;–û–±–µ–¥ –≤–∫–ª—é—á–µ–Ω,"<strong>–ö–æ—Ä–∞–±–ª–µ–∫—Ä—É—à–µ–Ω–∏–µ –î–µ—Å—Å–º–æ—á–∞–¥–æ</strong> ‚Äî —Ç—Ä–∞–≥–∏—á–µ—Å–∫–∞—è –∏—Å—Ç–æ—Ä–∏—è –∏—Å–ø–∞–Ω—Å–∫–æ–≥–æ —Å—É–¥–Ω–∞ 1985 –≥–æ–¥–∞ –Ω–∞ –±–µ—Ä–µ–≥—É –ê—Ç–ª–∞–Ω—Ç–∏–∫–∏. –°–æ—á–µ—Ç–∞–Ω–∏–µ –∏—Å—Ç–æ—Ä–∏–∏ –∫–∞—Ç–∞—Å—Ç—Ä–æ—Ñ—ã –∏ –±—ã—Ç–∞ –ø–∞—Ç–∞–≥–æ–Ω—Å–∫–∏—Ö —Ä–∞–Ω—á–æ.","‚öì –ú–æ—Ä—Å–∫–∞—è —Ç—Ä–∞–≥–µ–¥–∏—è –∏ –∏—Å—Ç–æ—Ä–∏—è|–ü–æ–µ–∑–¥–∫–∞ –∫ –º–µ—Å—Ç—É –∫–æ—Ä–∞–±–ª–µ–∫—Ä—É—à–µ–Ω–∏—è –î–µ—Å—Å–º–æ—á–∞–¥–æ;–ò—Å—Ç–æ—Ä–∏—è —Ç—Ä–∞–≥–µ–¥–∏–∏ –∏—Å–ø–∞–Ω—Å–∫–æ–≥–æ —Å—É–¥–Ω–∞ 1985 –≥–æ–¥–∞;–ü–æ—Å–µ—â–µ–Ω–∏–µ –∞—É—Ç–µ–Ω—Ç–∏—á–Ω–æ–≥–æ –ø–∞—Ç–∞–≥–æ–Ω—Å–∫–æ–≥–æ —Ä–∞–Ω—á–æ;–û–±–µ–¥ –Ω–∞ —Ä–∞–Ω—á–æ –∏ –∑–Ω–∞–∫–æ–º—Å—Ç–≤–æ —Å –±—ã—Ç–æ–º##üí∞ –°—Ç–æ–∏–º–æ—Å—Ç—å|–ó–∞ —á–µ–ª–æ–≤–µ–∫–∞ ‚Äî $200;–†—É—Å—Å–∫–æ–≥–æ–≤–æ—Ä—è—â–∏–π –≥–∏–¥ ‚Äî $500;–û–±–µ–¥ –≤–∫–ª—é—á–µ–Ω"
shipwreck-ranch-overnight,–ó–∞—Ç–æ–Ω—É–≤—à–∏–π –∫–æ—Ä–∞–±–ª—å + —Ä–∞–Ω—á–æ —Å –Ω–æ—á–µ–≤–∫–æ–π,–î–≤—É—Ö–¥–Ω–µ–≤–Ω–∞—è –ø—Ä–æ–≥—Ä–∞–º–º–∞ —Å –Ω–æ—á–µ–≤–∫–æ–π –Ω–∞ –∏—Å—Ç–æ—Ä–∏—á–µ—Å–∫–æ–º —Ä–∞–Ω—á–æ (–ø–æ–ª—Ç–æ—Ä–∞ –¥–Ω—è),https://images.unsplash.com/photo-1544551763-46a013bb70d5,https://images.unsplash.com/photo-1544551763-46a013bb70d5,–° —Ä–∞–∑–º–µ—â–µ–Ω–∏–µ–º,1.5 –¥–Ω—è,–ù–æ—á–µ–≤–∫–∞ –Ω–∞ —Ä–∞–Ω—á–æ;–ó–∞—Ç–æ–Ω—É–≤—à–∏–π –∫–æ—Ä–∞–±–ª—å;–ê—É—Ç–µ–Ω—Ç–∏—á–Ω—ã–π –±—ã—Ç;–†—É—Å—Å–∫–æ–≥–æ–≤–æ—Ä—è—â–∏–π –≥–∏–¥,"<strong>–ñ–∏–∑–Ω—å –Ω–∞ —Ä–∞–Ω—á–æ</strong> ‚Äî –ø–æ–ª–Ω–æ–µ –ø–æ–≥—Ä—É–∂–µ–Ω–∏–µ –≤ –±—ã—Ç –ø–∞—Ç–∞–≥–æ–Ω—Å–∫–∏—Ö —Ñ–µ—Ä–º–µ—Ä–æ–≤ —Å –Ω–æ—á–µ–≤–∫–æ–π –≤ –∞—É—Ç–µ–Ω—Ç–∏—á–Ω—ã—Ö —É—Å–ª–æ–≤–∏—è—Ö –∏ –∑–Ω–∞–∫–æ–º—Å—Ç–≤–æ–º —Å —Ç—Ä–∞–≥–∏—á–µ—Å–∫–æ–π –∏—Å—Ç–æ—Ä–∏–µ–π –∫–æ—Ä–∞–±–ª–µ–∫—Ä—É—à–µ–Ω–∏—è.","üè† –ñ–∏–∑–Ω—å –Ω–∞ —Ä–∞–Ω—á–æ|–î–µ–Ω—å 1: –ü–æ–µ–∑–¥–∫–∞ –∫ –∫–æ—Ä–∞–±–ª–µ–∫—Ä—É—à–µ–Ω–∏—é –∑–∞—Å–µ–ª–µ–Ω–∏–µ –Ω–∞ —Ä–∞–Ω—á–æ;–ù–æ—á–µ–≤–∫–∞ –≤ –∞—É—Ç–µ–Ω—Ç–∏—á–Ω—ã—Ö —É—Å–ª–æ–≤–∏—è—Ö —Ä–∞–Ω—á–æ;–î–µ–Ω—å 2: –ó–Ω–∞–∫–æ–º—Å—Ç–≤–æ —Å —Ö–æ–∑—è–π—Å—Ç–≤–æ–º —É—á–∞—Å—Ç–∏–µ –≤ —Ä–∞–±–æ—Ç–∞—Ö;–ü–∏—Ç–∞–Ω–∏–µ –Ω–∞ —Ä–∞–Ω—á–æ –æ–±—â–µ–Ω–∏–µ —Å —Ö–æ–∑—è–µ–≤–∞–º–∏##üí∞ –°—Ç–æ–∏–º–æ—Å—Ç—å|–ó–∞ —á–µ–ª–æ–≤–µ–∫–∞ ‚Äî $350;–†—É—Å—Å–∫–æ–≥–æ–≤–æ—Ä—è—â–∏–π –≥–∏–¥ ‚Äî $850;–í—Å–µ –ø–∏—Ç–∞–Ω–∏–µ –≤–∫–ª—é—á–µ–Ω–æ"
guest-house-hot-tubs,–ì–æ—Å—Ç–µ–≤–æ–π –¥–æ–º + –≥–æ—Ä—è—á–∏–µ —á–∞–Ω—ã + —Ç—Ä–∞–Ω—Å—Ñ–µ—Ä,–†–∞–∑–º–µ—â–µ–Ω–∏–µ –≤ –≥–æ—Å—Ç–µ–≤–æ–º –¥–æ–º–µ —Å –≥–æ—Ä—è—á–∏–º–∏ —á–∞–Ω–∞–º–∏ –Ω–∞ –ø—Ä–∏—Ä–æ–¥–µ (–º–∏–Ω–∏–º—É–º 2 –Ω–æ—á–∏ –¥–æ 6 —á–µ–ª–æ–≤–µ–∫),https://images.unsplash.com/photo-1571902943202-507ec2618e8f,https://images.unsplash.com/photo-1571902943202-507ec2618e8f,–° —Ä–∞–∑–º–µ—â–µ–Ω–∏–µ–º,–ú–∏–Ω–∏–º—É–º 2 –Ω–æ—á–∏,–ì–æ—Ä—è—á–∏–µ —á–∞–Ω—ã;–ì–æ—Å—Ç–µ–≤–æ–π –¥–æ–º;–î–æ 6 —á–µ–ª–æ–≤–µ–∫;–¢—Ä–∞–Ω—Å—Ñ–µ—Ä –≤–∫–ª—é—á–µ–Ω,"<strong>–≠–∫–æ-—Ä–µ–ª–∞–∫—Å –≤ –ø—Ä–∏—Ä–æ–¥–µ</strong> ‚Äî —É–µ–¥–∏–Ω–µ–Ω–Ω—ã–π –æ—Ç–¥—ã—Ö –≤ –≥–æ—Å—Ç–µ–≤–æ–º –¥–æ–º–µ —Å –≥–æ—Ä—è—á–∏–º–∏ —á–∞–Ω–∞–º–∏ –ø–æ–¥ –æ—Ç–∫—Ä—ã—Ç—ã–º –Ω–µ–±–æ–º. –í–æ–∑–º–æ–∂–Ω–æ—Å—Ç—å —Å–æ–≤–º–µ—â–µ–Ω–∏—è —Å —ç–∫—Å–∫—É—Ä—Å–∏–µ–π –∫ –∑–∞—Ç–æ–Ω—É–≤—à–µ–º—É –∫–æ—Ä–∞–±–ª—é.","‚ô®Ô∏è –≠–∫–æ-—Ä–µ–ª–∞–∫—Å –ø—Ä–æ–≥—Ä–∞–º–º–∞|–†–∞–∑–º–µ—â–µ–Ω–∏–µ –≤ —É—é—Ç–Ω–æ–º –≥–æ—Å—Ç–µ–≤–æ–º –¥–æ–º–µ (–¥–æ 6 —á–µ–ª–æ–≤–µ–∫);–ì–æ—Ä—è—á–∏–µ —á–∞–Ω—ã –ø–æ–¥ –æ—Ç–∫—Ä—ã—Ç—ã–º –Ω–µ–±–æ–º;–ü–∞–Ω–æ—Ä–∞–º–Ω—ã–µ –≤–∏–¥—ã –Ω–∞ –ê—Ç–ª–∞–Ω—Ç–∏—á–µ—Å–∫–∏–π –æ–∫–µ–∞–Ω;–í–æ–∑–º–æ–∂–Ω–æ—Å—Ç—å —Å–æ–≤–º–µ—â–µ–Ω–∏—è —Å –∫–æ—Ä–∞–±–ª–µ–∫—Ä—É—à–µ–Ω–∏–µ–º##üí∞ –°—Ç–æ–∏–º–æ—Å—Ç—å|–ó–∞ —á–µ–ª–æ–≤–µ–∫–∞ ‚Äî $350 (–º–∏–Ω–∏–º—É–º 2 –Ω–æ—á–∏);–ì–∏–¥ –æ–ø—Ü–∏–æ–Ω–∞–ª—å–Ω–æ ‚Äî $400;–¢—Ä–∞–Ω—Å—Ñ–µ—Ä –≤–∫–ª—é—á–µ–Ω"
gastronomic-dinner,–ì–∞—Å—Ç—Ä–æ–Ω–æ–º–∏—á–µ—Å–∫–∏–π —É–∂–∏–Ω –ø–∞—Ç–∞–≥–æ–Ω—Å–∫–∏–µ –ø—Ä–æ–¥—É–∫—Ç—ã,–ê–≤—Ç–æ—Ä—Å–∫–∏–π —É–∂–∏–Ω –∏–∑ –º–µ—Å—Ç–Ω—ã—Ö –ø–∞—Ç–∞–≥–æ–Ω—Å–∫–∏—Ö –ø—Ä–æ–¥—É–∫—Ç–æ–≤ —Å –≤–∏–Ω–Ω—ã–º —Å–æ–ø—Ä–æ–≤–æ–∂–¥–µ–Ω–∏–µ–º (chef's table –æ—Ç 4 —á–µ–ª–æ–≤–µ–∫),https://images.unsplash.com/photo-1414235077428-338989a2e8c0,https://images.unsplash.com/photo-1414235077428-338989a2e8c0,–ì–∞—Å—Ç—Ä–æ–Ω–æ–º–∏—è,3-4 —á–∞—Å–∞,Chef's table;–ü–∞—Ç–∞–≥–æ–Ω—Å–∫–∏–µ –ø—Ä–æ–¥—É–∫—Ç—ã;–í–∏–Ω–Ω–æ–µ —Å–æ–ø—Ä–æ–≤–æ–∂–¥–µ–Ω–∏–µ;–û—Ç 4 —á–µ–ª–æ–≤–µ–∫,"<strong>Chef's table –Ω–∞ –∫—Ä–∞—é —Å–≤–µ—Ç–∞</strong> ‚Äî –≥–∞—Å—Ç—Ä–æ–Ω–æ–º–∏—á–µ—Å–∫–æ–µ –ø—É—Ç–µ—à–µ—Å—Ç–≤–∏–µ —Å –∞–≤—Ç–æ—Ä—Å–∫–∏–º –º–µ–Ω—é –∏–∑ —É–Ω–∏–∫–∞–ª—å–Ω—ã—Ö –ø—Ä–æ–¥—É–∫—Ç–æ–≤ –ü–∞—Ç–∞–≥–æ–Ω–∏–∏. –ú–æ—Ä—Å–∫–æ–π –∫—Ä–∞–± –ø–∞—Ç–∞–≥–æ–Ω—Å–∫–∞—è –±–∞—Ä–∞–Ω–∏–Ω–∞ –¥–∏–∫–∏–µ –≥—Ä–∏–±—ã –∏ –º–µ—Å—Ç–Ω—ã–µ –≤–∏–Ω–∞.","üë®‚Äçüç≥ –ê–≤—Ç–æ—Ä—Å–∫–∞—è –∫—É—Ö–Ω—è|–ú–µ–Ω—é –æ—Ç —à–µ—Ñ-–ø–æ–≤–∞—Ä–∞ –∏–∑ –º–µ—Å—Ç–Ω—ã—Ö –ø—Ä–æ–¥—É–∫—Ç–æ–≤;–ü–∞—Ç–∞–≥–æ–Ω—Å–∫–∞—è –±–∞—Ä–∞–Ω–∏–Ω–∞ –º–æ—Ä—Å–∫–æ–π –∫—Ä–∞–± –¥–∏–∫–∏–µ —è–≥–æ–¥—ã;–í–∏–Ω–Ω–æ–µ —Å–æ–ø—Ä–æ–≤–æ–∂–¥–µ–Ω–∏–µ –∞—Ä–≥–µ–Ω—Ç–∏–Ω—Å–∫–∏–º–∏ –≤–∏–Ω–∞–º–∏;–†–∞—Å—Å–∫–∞–∑ –æ –∫—É–ª–∏–Ω–∞—Ä–Ω—ã—Ö —Ç—Ä–∞–¥–∏—Ü–∏—è—Ö —Ä–µ–≥–∏–æ–Ω–∞##üí∞ –°—Ç–æ–∏–º–æ—Å—Ç—å|–ó–∞ —á–µ–ª–æ–≤–µ–∫–∞ ‚Äî $300;–ú–∏–Ω–∏–º—É–º 4 —á–µ–ª–æ–≤–µ–∫–∞;–í–∏–Ω–Ω–æ–µ —Å–æ–ø—Ä–æ–≤–æ–∂–¥–µ–Ω–∏–µ –≤–∫–ª—é—á–µ–Ω–æ"
trekking-day,–¢—Ä–µ–∫–∫–∏–Ω–≥ –æ–¥–Ω–æ–¥–Ω–µ–≤–Ω—ã–π,–û–¥–Ω–æ–¥–Ω–µ–≤–Ω—ã–π —Ç—Ä–µ–∫–∫–∏–Ω–≥ –ø–æ –≥–æ—Ä–Ω—ã–º —Ç—Ä–æ–ø–∞–º –û–≥–Ω–µ–Ω–Ω–æ–π –ó–µ–º–ª–∏ —Å —Ä—É—Å—Å–∫–æ–≥–æ–≤–æ—Ä—è—â–∏–º –≥–∏–¥–æ–º,https://images.unsplash.com/photo-1551632811-561732d1e306,https://images.unsplash.com/photo-1551632811-561732d1e306,–¢—Ä–µ–∫–∫–∏–Ω–≥,–í–µ—Å—å –¥–µ–Ω—å,–ì–æ—Ä–Ω—ã–µ —Ç—Ä–æ–ø—ã;–†—É—Å—Å–∫–æ–≥–æ–≤–æ—Ä—è—â–∏–π –≥–∏–¥;–¢—Ä–∞–Ω—Å—Ñ–µ—Ä;–õ–∞–Ω—á –±–æ–∫—Å –æ–ø—Ü–∏–æ–Ω–∞–ª—å–Ω–æ,"<strong>–¢—Ä–µ–∫–∫–∏–Ω–≥ –≤ –ê–Ω–¥–∞—Ö</strong> ‚Äî –ø–µ—à–∏–µ –º–∞—Ä—à—Ä—É—Ç—ã –ø–æ –≥–æ—Ä–Ω—ã–º —Ç—Ä–æ–ø–∞–º —Å –ø–æ—Ç—Ä—è—Å–∞—é—â–∏–º–∏ –≤–∏–¥–∞–º–∏ –Ω–∞ –∫–∞–Ω–∞–ª –ë–∏–≥–ª—å –≥–æ—Ä–Ω—ã–µ –æ–∑–µ—Ä–∞ –∏ –¥–µ–≤—Å—Ç–≤–µ–Ω–Ω—ã–µ –ª–µ—Å–∞ —Å—É–±–∞–Ω—Ç–∞—Ä–∫—Ç–∏–∫–∏.","ü•æ –ì–æ—Ä–Ω—ã–µ –º–∞—Ä—à—Ä—É—Ç—ã|–¢—Ä–µ–∫–∫–∏–Ω–≥ –ø–æ –∂–∏–≤–æ–ø–∏—Å–Ω—ã–º –≥–æ—Ä–Ω—ã–º —Ç—Ä–æ–ø–∞–º;–í–∏–¥—ã –Ω–∞ –∫–∞–Ω–∞–ª –ë–∏–≥–ª—å –∏ –≥–æ—Ä–Ω—ã–µ –ø–∏–∫–∏;–î–µ–≤—Å—Ç–≤–µ–Ω–Ω—ã–µ –ª–µ—Å–∞ –∏ –≥–æ—Ä–Ω—ã–µ –æ–∑–µ—Ä–∞;–§–æ—Ç–æ–≥—Ä–∞—Ñ–∏—Ä–æ–≤–∞–Ω–∏–µ –≤ –∂–∏–≤–æ–ø–∏—Å–Ω—ã—Ö –ª–æ–∫–∞—Ü–∏—è—Ö##üí∞ –°—Ç–æ–∏–º–æ—Å—Ç—å|–ó–∞ —á–µ–ª–æ–≤–µ–∫–∞ ‚Äî $50;–†—É—Å—Å–∫–æ–≥–æ–≤–æ—Ä—è—â–∏–π –≥–∏–¥ ‚Äî $350;–õ–∞–Ω—á –±–æ–∫—Å ‚Äî $25 (–æ–ø—Ü–∏–æ–Ω–∞–ª—å–Ω–æ)"
trekking-2days,–¢—Ä–µ–∫–∫–∏–Ω–≥ –¥–≤—É—Ö–¥–Ω–µ–≤–Ω—ã–π —Å –Ω–æ—á–µ–≤–∫–æ–π,–î–≤—É—Ö–¥–Ω–µ–≤–Ω—ã–π —Ç—Ä–µ–∫–∫–∏–Ω–≥ —Å –Ω–æ—á–µ–≤–∫–æ–π –≤ –ø–∞–ª–∞—Ç–∫–∞—Ö –≤–∫–ª—é—á–∞—è –≥–∏–¥–∞ –ø–∏—Ç–∞–Ω–∏–µ –∏ —Å–Ω–∞—Ä—è–∂–µ–Ω–∏–µ,https://images.unsplash.com/photo-1551632811-561732d1e306,https://images.unsplash.com/photo-1551632811-561732d1e306,–¢—Ä–µ–∫–∫–∏–Ω–≥,2 –¥–Ω—è,–ù–æ—á–µ–≤–∫–∞ –≤ –ø–∞–ª–∞—Ç–∫–∞—Ö;–í—Å–µ —Å–Ω–∞—Ä—è–∂–µ–Ω–∏–µ –≤–∫–ª—é—á–µ–Ω–æ;–ü–∏—Ç–∞–Ω–∏–µ –≤–∫–ª—é—á–µ–Ω–æ;–†—É—Å—Å–∫–æ–≥–æ–≤–æ—Ä—è—â–∏–π –≥–∏–¥,"<strong>–≠–∫—Å–ø–µ–¥–∏—Ü–∏–æ–Ω–Ω—ã–π —Ç—Ä–µ–∫–∫–∏–Ω–≥</strong> ‚Äî –¥–≤—É—Ö–¥–Ω–µ–≤–Ω–æ–µ –ø–æ–≥—Ä—É–∂–µ–Ω–∏–µ –≤ –¥–∏–∫—É—é –ø—Ä–∏—Ä–æ–¥—É –û–≥–Ω–µ–Ω–Ω–æ–π –ó–µ–º–ª–∏ —Å –Ω–æ—á–µ–≤–∫–æ–π –ø–æ–¥ –∑–≤–µ–∑–¥–∞–º–∏ —Å–∞–º–æ–≥–æ —é–∂–Ω–æ–≥–æ –Ω–µ–±–∞ –ø–ª–∞–Ω–µ—Ç—ã.","‚õ∫ –≠–∫—Å–ø–µ–¥–∏—Ü–∏–æ–Ω–Ω–∞—è –ø—Ä–æ–≥—Ä–∞–º–º–∞|–î–µ–Ω—å 1: –¢—Ä–µ–∫–∫–∏–Ω–≥ –∫ –±–∞–∑–æ–≤–æ–º—É –ª–∞–≥–µ—Ä—é —É—Å—Ç–∞–Ω–æ–≤–∫–∞ –ø–∞–ª–∞—Ç–æ–∫;–ù–æ—á–µ–≤–∫–∞ –≤ –≥–æ—Ä–∞—Ö –ø–æ–¥ —é–∂–Ω—ã–º–∏ –∑–≤–µ–∑–¥–∞–º–∏;–î–µ–Ω—å 2: –í–æ—Å—Ö–æ–∂–¥–µ–Ω–∏–µ –∫ –≤–∏–¥–æ–≤—ã–º —Ç–æ—á–∫–∞–º —Å–ø—É—Å–∫;–í—Å–µ —Å–Ω–∞—Ä—è–∂–µ–Ω–∏–µ: –ø–∞–ª–∞—Ç–∫–∏ —Å–ø–∞–ª—å–Ω–∏–∫–∏ –∫–æ–≤—Ä–∏–∫–∏##üí∞ –°—Ç–æ–∏–º–æ—Å—Ç—å|–ó–∞ —á–µ–ª–æ–≤–µ–∫–∞ ‚Äî $50;–ì–∏–¥ –∏ —Å–Ω–∞—Ä—è–∂–µ–Ω–∏–µ ‚Äî $850;2 –ª–∞–Ω—á –±–æ–∫—Å–∞ —É–∂–∏–Ω –∑–∞–≤—Ç—Ä–∞–∫ –≤–∫–ª—é—á–µ–Ω—ã"
lunch-box,–õ–∞–Ω—á –±–æ–∫—Å –¥–ª—è —Ç—Ä–µ–∫–∫–∏–Ω–≥–∞,–ü–∏—Ç–∞—Ç–µ–ª—å–Ω—ã–π –ø–µ—Ä–µ–∫—É—Å –¥–ª—è –ø–æ—Ö–æ–¥–æ–≤: —Ñ—Ä—É–∫—Ç —Å—ç–Ω–¥–≤–∏—á —á–∞–π –≤–æ–¥–∞ —Å–ª–∞–¥–æ—Å—Ç—å,https://images.unsplash.com/photo-1553979459-d2229ba7433a,https://images.unsplash.com/photo-1553979459-d2229ba7433a,–ü–∏—Ç–∞–Ω–∏–µ,–í–µ—Å—å –¥–µ–Ω—å,–ü–æ—Ö–æ–¥–Ω–æ–µ –ø–∏—Ç–∞–Ω–∏–µ;–°—ç–Ω–¥–≤–∏—á;–§—Ä—É–∫—Ç—ã;–ù–∞–ø–∏—Ç–∫–∏,"<strong>–ü–æ—Ö–æ–¥–Ω–æ–µ –ø–∏—Ç–∞–Ω–∏–µ</strong> ‚Äî —Å–±–∞–ª–∞–Ω—Å–∏—Ä–æ–≤–∞–Ω–Ω—ã–π –ø–µ—Ä–µ–∫—É—Å –¥–ª—è –∞–∫—Ç–∏–≤–Ω–æ–≥–æ –¥–Ω—è –Ω–∞ –ø—Ä–∏—Ä–æ–¥–µ. –≠–Ω–µ—Ä–≥–µ—Ç–∏—á–µ—Å–∫–∏ —Ü–µ–Ω–Ω—ã–µ –ø—Ä–æ–¥—É–∫—Ç—ã –≤ —É–¥–æ–±–Ω–æ–π —É–ø–∞–∫–æ–≤–∫–µ –¥–ª—è —Ç—Ä–µ–∫–∫–∏–Ω–≥–∞.","ü•™ –°–æ—Å—Ç–∞–≤ –ª–∞–Ω—á –±–æ–∫—Å–∞|–°—ç–Ω–¥–≤–∏—á —Å –º—è—Å–æ–º –∏–ª–∏ —Å—ã—Ä–æ–º;–°–≤–µ–∂–∏–π —Ñ—Ä—É–∫—Ç (—è–±–ª–æ–∫–æ –∏–ª–∏ –∞–ø–µ–ª—å—Å–∏–Ω);–ì–æ—Ä—è—á–∏–π —á–∞–π –≤ —Ç–µ—Ä–º–æ—Å–µ;–ë—É—Ç–∏–ª–∏—Ä–æ–≤–∞–Ω–Ω–∞—è –≤–æ–¥–∞;–≠–Ω–µ—Ä–≥–µ—Ç–∏—á–µ—Å–∫–∏–π –±–∞—Ç–æ–Ω—á–∏–∫ –∏–ª–∏ —Å–ª–∞–¥–æ—Å—Ç—å##üí∞ –°—Ç–æ–∏–º–æ—Å—Ç—å|–ó–∞ –ª–∞–Ω—á –±–æ–∫—Å ‚Äî $25;–û–ø—Ü–∏—è –¥–ª—è —Ç—Ä–µ–∫–∫–∏–Ω–≥–æ–≤ –∏ –¥–ª–∏—Ç–µ–ª—å–Ω—ã—Ö —ç–∫—Å–∫—É—Ä—Å–∏–π"
lakes-4x4,–≠–∫—Å–∫—É—Ä—Å–∏—è –∫ –æ–∑–µ—Ä–∞–º 4x4,–í–Ω–µ–¥–æ—Ä–æ–∂–Ω–∞—è —ç–∫—Å–∫—É—Ä—Å–∏—è –∫ –≥–æ—Ä–Ω—ã–º –æ–∑–µ—Ä–∞–º —Å –æ–±–µ–¥–æ–º –∏ –∞–Ω–≥–ª–æ/–∏—Å–ø–∞–Ω—Å–∫–∏–º –≥–∏–¥–æ–º,https://images.unsplash.com/photo-1506905925346-21bda4d32df4,https://images.unsplash.com/photo-1506905925346-21bda4d32df4,–í–Ω–µ–¥–æ—Ä–æ–∂–Ω—ã–µ,–í–µ—Å—å –¥–µ–Ω—å,–í–Ω–µ–¥–æ—Ä–æ–∂–Ω–∏–∫–∏ 4x4;–ì–æ—Ä–Ω—ã–µ –æ–∑–µ—Ä–∞;–û–±–µ–¥ –≤–∫–ª—é—á–µ–Ω;–ê–Ω–≥–ª–æ/–∏—Å–ø–∞–Ω—Å–∫–∏–π –≥–∏–¥,"<strong>–û–∑–µ—Ä–∞ –≤ –≥–æ—Ä–∞—Ö</strong> ‚Äî –≤–Ω–µ–¥–æ—Ä–æ–∂–Ω–∞—è —ç–∫—Å–ø–µ–¥–∏—Ü–∏—è –∫ —É–¥–∞–ª–µ–Ω–Ω—ã–º –≥–æ—Ä–Ω—ã–º –æ–∑–µ—Ä–∞–º –Ω–µ–¥–æ—Å—Ç—É–ø–Ω—ã–º –æ–±—ã—á–Ω—ã–º —Ç—Ä–∞–Ω—Å–ø–æ—Ä—Ç–æ–º. –î–µ–≤—Å—Ç–≤–µ–Ω–Ω–∞—è –ø—Ä–∏—Ä–æ–¥–∞ –∏ –∫—Ä–∏—Å—Ç–∞–ª—å–Ω–æ —á–∏—Å—Ç—ã–µ –≤–æ–¥—ã.","üöô –í–Ω–µ–¥–æ—Ä–æ–∂–Ω–∞—è —ç–∫—Å–ø–µ–¥–∏—Ü–∏—è|–ü–æ–µ–∑–¥–∫–∞ –Ω–∞ —Å–ø–µ—Ü–∏–∞–ª—å–Ω—ã—Ö –≤–Ω–µ–¥–æ—Ä–æ–∂–Ω–∏–∫–∞—Ö 4x4;–ì–æ—Ä–Ω—ã–µ –æ–∑–µ—Ä–∞ –≠—Å–∫–æ–Ω–¥–∏–¥–æ –∏ –§–∞–Ω—å—è–Ω–æ;–ü–∏–∫–Ω–∏–∫ –Ω–∞ –±–µ—Ä–µ–≥—É –æ–∑–µ—Ä–∞ —Å –≤–∏–¥–∞–º–∏ –Ω–∞ –ê–Ω–¥—ã;–§–æ—Ç–æ—Å–µ—Å—Å–∏–∏ –≤ –∂–∏–≤–æ–ø–∏—Å–Ω—ã—Ö –ª–æ–∫–∞—Ü–∏—è—Ö##üí∞ –°—Ç–æ–∏–º–æ—Å—Ç—å|–ó–∞ —á–µ–ª–æ–≤–µ–∫–∞ ‚Äî $200;–û–±–µ–¥ –≤–∫–ª—é—á–µ–Ω;–í–æ–∑–º–æ–∂–Ω–æ —Å–æ–ø—Ä–æ–≤–æ–∂–¥–µ–Ω–∏–µ —Ä—É—Å—Å–∫–æ–≥–æ –≥–∏–¥–∞ ‚Äî $550"
lakes-4x4-kayaking,–û–∑–µ—Ä–∞ 4x4 + –∫–∞—è–∫–∏,–≠–∫—Å–∫—É—Ä—Å–∏—è –∫ –æ–∑–µ—Ä–∞–º —Å –∫–∞—è–∫–∏–Ω–≥–æ–º –ø–æ –≥–æ—Ä–Ω—ã–º –æ–∑–µ—Ä–∞–º,https://images.unsplash.com/photo-1506905925346-21bda4d32df4,https://images.unsplash.com/photo-1506905925346-21bda4d32df4,–í–Ω–µ–¥–æ—Ä–æ–∂–Ω—ã–µ,–í–µ—Å—å –¥–µ–Ω—å,–ö–∞—è–∫–∏–Ω–≥;–ì–æ—Ä–Ω—ã–µ –æ–∑–µ—Ä–∞;4x4 –ø–æ–µ–∑–¥–∫–∞;–ê–∫—Ç–∏–≤–Ω—ã–π –æ—Ç–¥—ã—Ö,"<strong>–û–∑–µ—Ä–∞ + –∫–∞—è–∫–∏–Ω–≥</strong> ‚Äî —Å–æ—á–µ—Ç–∞–Ω–∏–µ –≤–Ω–µ–¥–æ—Ä–æ–∂–Ω–æ–π –ø–æ–µ–∑–¥–∫–∏ –∏ –≤–æ–¥–Ω—ã—Ö –∞–∫—Ç–∏–≤–Ω–æ—Å—Ç–µ–π. –ö–∞—è–∫–∏–Ω–≥ –ø–æ –∫—Ä–∏—Å—Ç–∞–ª—å–Ω–æ —á–∏—Å—Ç—ã–º –≥–æ—Ä–Ω—ã–º –æ–∑–µ—Ä–∞–º –≤ –æ–∫—Ä—É–∂–µ–Ω–∏–∏ –ê–Ω–¥.","üõ∂ –í–æ–¥–Ω—ã–µ –∞–∫—Ç–∏–≤–Ω–æ—Å—Ç–∏|–ü–æ–µ–∑–¥–∫–∞ –∫ –æ–∑–µ—Ä–∞–º –Ω–∞ 4x4;–ö–∞—è–∫–∏–Ω–≥ –ø–æ –≥–æ—Ä–Ω—ã–º –æ–∑–µ—Ä–∞–º;–ò–Ω—Å—Ç—Ä—É–∫—Ç–æ—Ä –∏ —Å–Ω–∞—Ä—è–∂–µ–Ω–∏–µ –¥–ª—è –∫–∞—è–∫–∏–Ω–≥–∞;–û–±–µ–¥ –Ω–∞ –±–µ—Ä–µ–≥—É –æ–∑–µ—Ä–∞##üí∞ –°—Ç–æ–∏–º–æ—Å—Ç—å|–ó–∞ —á–µ–ª–æ–≤–µ–∫–∞ ‚Äî $250;–°–Ω–∞—Ä—è–∂–µ–Ω–∏–µ –≤–∫–ª—é—á–µ–Ω–æ;–†—É—Å—Å–∫–∏–π –≥–∏–¥ ‚Äî $600"
lakes-sunset-kayaking,–û–∑–µ—Ä–∞ + –∑–∞–∫–∞—Ç–Ω—ã–π –∫–∞—è–∫–∏–Ω–≥,–≠–∫—Å–∫—É—Ä—Å–∏—è –∫ –æ–∑–µ—Ä–∞–º —Å –∫–∞—è–∫–∏–Ω–≥–æ–º –Ω–∞ –∑–∞–∫–∞—Ç–µ,https://images.unsplash.com/photo-1506905925346-21bda4d32df4,https://images.unsplash.com/photo-1506905925346-21bda4d32df4,–í–Ω–µ–¥–æ—Ä–æ–∂–Ω—ã–µ,–í–µ—Å—å –¥–µ–Ω—å,–ó–∞–∫–∞—Ç–Ω—ã–π –∫–∞—è–∫–∏–Ω–≥;–†–æ–º–∞–Ω—Ç–∏–∫–∞;–ì–æ—Ä–Ω—ã–µ –æ–∑–µ—Ä–∞;–û—Å–æ–±–∞—è –∞—Ç–º–æ—Å—Ñ–µ—Ä–∞,"<strong>–†–æ–º–∞–Ω—Ç–∏–∫–∞ –∑–∞–∫–∞—Ç–∞</strong> ‚Äî –∫–∞—è–∫–∏–Ω–≥ –≤ –∑–æ–ª–æ—Ç—ã—Ö –ª—É—á–∞—Ö –ø–∞—Ç–∞–≥–æ–Ω—Å–∫–æ–≥–æ –∑–∞–∫–∞—Ç–∞. –û—Å–æ–±–∞—è –∞—Ç–º–æ—Å—Ñ–µ—Ä–∞ –∏ –Ω–µ–∑–∞–±—ã–≤–∞–µ–º—ã–µ —Ñ–æ—Ç–æ–≥—Ä–∞—Ñ–∏–∏ –Ω–∞ —Ñ–æ–Ω–µ –≥–æ—Ä–Ω—ã—Ö –ø–∏–∫–æ–≤.","üåÖ –ó–∞–∫–∞—Ç–Ω–∞—è —Ä–æ–º–∞–Ω—Ç–∏–∫–∞|–ü–æ–µ–∑–¥–∫–∞ –∫ –æ–∑–µ—Ä–∞–º –≤–æ –≤—Ç–æ—Ä–æ–π –ø–æ–ª–æ–≤–∏–Ω–µ –¥–Ω—è;–ö–∞—è–∫–∏–Ω–≥ –≤ –ª—É—á–∞—Ö –∑–∞—Ö–æ–¥—è—â–µ–≥–æ —Å–æ–ª–Ω—Ü–∞;–†–æ–º–∞–Ω—Ç–∏—á–µ—Å–∫–∞—è –∞—Ç–º–æ—Å—Ñ–µ—Ä–∞ –∏ –æ—Å–æ–±—ã–π —Å–≤–µ—Ç;–ü—Ä–æ—Ñ–µ—Å—Å–∏–æ–Ω–∞–ª—å–Ω–∞—è —Ñ–æ—Ç–æ—Å–µ—Å—Å–∏—è –Ω–∞ –∑–∞–∫–∞—Ç–µ##üí∞ –°—Ç–æ–∏–º–æ—Å—Ç—å|–ó–∞ —á–µ–ª–æ–≤–µ–∫–∞ ‚Äî $250;–†–æ–º–∞–Ω—Ç–∏—á–µ—Å–∫–∞—è –∞—Ç–º–æ—Å—Ñ–µ—Ä–∞;–†—É—Å—Å–∫–∏–π –≥–∏–¥ ‚Äî $600"
helicopter-15min,–í–µ—Ä—Ç–æ–ª–µ—Ç–Ω–∞—è –ø—Ä–æ–≥—É–ª–∫–∞ 15 –º–∏–Ω—É—Ç,–í–µ—Ä—Ç–æ–ª–µ—Ç–Ω–∞—è —ç–∫—Å–∫—É—Ä—Å–∏—è –Ω–∞–¥ –û–≥–Ω–µ–Ω–Ω–æ–π –ó–µ–º–ª–µ–π —Å –ø–∞–Ω–æ—Ä–∞–º–Ω—ã–º–∏ –≤–∏–¥–∞–º–∏ (15 –º–∏–Ω—É—Ç),https://images.unsplash.com/photo-1592833159007-d9290e5e8329,https://images.unsplash.com/photo-1592833159007-d9290e5e8329,–ê–≤–∏–∞—Ü–∏—è,15 –º–∏–Ω—É—Ç,–ü–∞–Ω–æ—Ä–∞–º–Ω—ã–µ –≤–∏–¥—ã;–í–µ—Ä—Ç–æ–ª–µ—Ç;–ö–∞–Ω–∞–ª –ë–∏–≥–ª—å —Å –≤—ã—Å–æ—Ç—ã;–ì–æ—Ä–Ω—ã–µ –ø–∏–∫–∏,"<strong>–ü–æ–ª–µ—Ç –Ω–∞–¥ –∫—Ä–∞–µ–º —Å–≤–µ—Ç–∞</strong> ‚Äî –∑–∞—Ö–≤–∞—Ç—ã–≤–∞—é—â–∏–µ –≤–∏–¥—ã –Ω–∞ –£—à—É–∞–π—é –∫–∞–Ω–∞–ª –ë–∏–≥–ª—å –∏ –∑–∞—Å–Ω–µ–∂–µ–Ω–Ω—ã–µ –ø–∏–∫–∏ –ê–Ω–¥ —Å –≤—ã—Å–æ—Ç—ã –ø—Ç–∏—á—å–µ–≥–æ –ø–æ–ª–µ—Ç–∞.","üöÅ –ü–∞–Ω–æ—Ä–∞–º–Ω—ã–π –ø–æ–ª–µ—Ç|15-–º–∏–Ω—É—Ç–Ω—ã–π –ø–æ–ª–µ—Ç –Ω–∞–¥ –£—à—É–∞–π–µ–π;–í–∏–¥—ã –Ω–∞ –∫–∞–Ω–∞–ª –ë–∏–≥–ª—å —Å –≤—ã—Å–æ—Ç—ã –ø—Ç–∏—á—å–µ–≥–æ –ø–æ–ª–µ—Ç–∞;–ó–∞—Å–Ω–µ–∂–µ–Ω–Ω—ã–µ –ø–∏–∫–∏ –ê–Ω–¥ –∏ –≥–æ—Ä–æ–¥;–ù–µ–∑–∞–±—ã–≤–∞–µ–º—ã–µ —Ñ–æ—Ç–æ–≥—Ä–∞—Ñ–∏–∏ —Å –≤–µ—Ä—Ç–æ–ª–µ—Ç–∞##üí∞ –°—Ç–æ–∏–º–æ—Å—Ç—å|–ó–∞ –ø–æ–ª–µ—Ç 15 –º–∏–Ω—É—Ç ‚Äî $460;–î–æ 3 –ø–∞—Å—Å–∞–∂–∏—Ä–æ–≤;–ó–∞–≤–∏—Å–∏—Ç –æ—Ç –ø–æ–≥–æ–¥–Ω—ã—Ö —É—Å–ª–æ–≤–∏–π"
helicopter-30min,–í–µ—Ä—Ç–æ–ª–µ—Ç–Ω–∞—è –ø—Ä–æ–≥—É–ª–∫–∞ 30 –º–∏–Ω—É—Ç,–†–∞—Å—à–∏—Ä–µ–Ω–Ω–∞—è –≤–µ—Ä—Ç–æ–ª–µ—Ç–Ω–∞—è —ç–∫—Å–∫—É—Ä—Å–∏—è –Ω–∞–¥ –û–≥–Ω–µ–Ω–Ω–æ–π –ó–µ–º–ª–µ–π (30 –º–∏–Ω—É—Ç),https://images.unsplash.com/photo-1592833159007-d9290e5e8329,https://images.unsplash.com/photo-1592833159007-d9290e5e8329,–ê–≤–∏–∞—Ü–∏—è,30 –º–∏–Ω—É—Ç,–†–∞—Å—à–∏—Ä–µ–Ω–Ω—ã–π –º–∞—Ä—à—Ä—É—Ç;–õ–µ–¥–Ω–∏–∫–∏ —Å –≤—ã—Å–æ—Ç—ã;–ü–∞–Ω–æ—Ä–∞–º—ã;–ë–æ–ª—å—à–µ –ª–æ–∫–∞—Ü–∏–π,"<strong>–†–∞—Å—à–∏—Ä–µ–Ω–Ω—ã–π –ø–æ–ª–µ—Ç</strong> ‚Äî –º–∞–∫—Å–∏–º–∞–ª—å–Ω—ã–π –æ–±–∑–æ—Ä —Ä–µ–≥–∏–æ–Ω–∞ –≤–∫–ª—é—á–∞—è –ª–µ–¥–Ω–∏–∫–∏ –≥–æ—Ä–Ω—ã–µ —Ü–µ–ø–∏ –∏ –æ—Ç–¥–∞–ª–µ–Ω–Ω—ã–µ –æ–±–ª–∞—Å—Ç–∏ –û–≥–Ω–µ–Ω–Ω–æ–π –ó–µ–º–ª–∏.","üèîÔ∏è –†–∞—Å—à–∏—Ä–µ–Ω–Ω—ã–π –æ–±–∑–æ—Ä|30-–º–∏–Ω—É—Ç–Ω—ã–π –ø–æ–ª–µ—Ç —Å —Ä–∞—Å—à–∏—Ä–µ–Ω–Ω—ã–º –º–∞—Ä—à—Ä—É—Ç–æ–º;–õ–µ–¥–Ω–∏–∫–∏ –ú–∞—Ä—Å–∏–∞–ª—å –∏ –≥–æ—Ä–Ω—ã–µ —Ü–µ–ø–∏;–û—Ç–¥–∞–ª–µ–Ω–Ω—ã–µ —Ñ—å–æ—Ä–¥—ã –∏ –≥–æ—Ä–Ω—ã–µ –æ–∑–µ—Ä–∞;–ú–∞–∫—Å–∏–º–∞–ª—å–Ω—ã–π –æ–±–∑–æ—Ä —Ä–µ–≥–∏–æ–Ω–∞##üí∞ –°—Ç–æ–∏–º–æ—Å—Ç—å|–ó–∞ –ø–æ–ª–µ—Ç 30 –º–∏–Ω—É—Ç ‚Äî $730;–î–æ 3 –ø–∞—Å—Å–∞–∂–∏—Ä–æ–≤"
helicopter-45min,–í–µ—Ä—Ç–æ–ª–µ—Ç–Ω–∞—è –ø—Ä–æ–≥—É–ª–∫–∞ 45 –º–∏–Ω—É—Ç,–ú–∞–∫—Å–∏–º–∞–ª—å–Ω–∞—è –≤–µ—Ä—Ç–æ–ª–µ—Ç–Ω–∞—è —ç–∫—Å–∫—É—Ä—Å–∏—è –Ω–∞–¥ –û–≥–Ω–µ–Ω–Ω–æ–π –ó–µ–º–ª–µ–π (45 –º–∏–Ω—É—Ç),https://images.unsplash.com/photo-1592833159007-d9290e5e8329,https://images.unsplash.com/photo-1592833159007-d9290e5e8329,–ê–≤–∏–∞—Ü–∏—è,45 –º–∏–Ω—É—Ç,–ú–∞–∫—Å–∏–º–∞–ª—å–Ω—ã–π –º–∞—Ä—à—Ä—É—Ç;–í—ã—Å–∞–¥–∫–∞ –≤–æ–∑–º–æ–∂–Ω–∞;–û—Ç–¥–∞–ª–µ–Ω–Ω—ã–µ –ª–æ–∫–∞—Ü–∏–∏;–≠–∫—Å–∫–ª—é–∑–∏–≤–Ω—ã–µ –≤–∏–¥—ã,"<strong>–ú–∞–∫—Å–∏–º–∞–ª—å–Ω—ã–π –ø–æ–ª–µ—Ç</strong> ‚Äî —Å–∞–º—ã–π –ø–æ–ª–Ω—ã–π –≤–µ—Ä—Ç–æ–ª–µ—Ç–Ω—ã–π —Ç—É—Ä —Å –≤–æ–∑–º–æ–∂–Ω–æ—Å—Ç—å—é –≤—ã—Å–∞–¥–∫–∏ –≤ –æ—Ç–¥–∞–ª–µ–Ω–Ω—ã—Ö –ª–æ–∫–∞—Ü–∏—è—Ö –¥–ª—è —Ñ–æ—Ç–æ—Å–µ—Å—Å–∏–π.","üéØ –ú–∞–∫—Å–∏–º–∞–ª—å–Ω–∞—è –ø—Ä–æ–≥—Ä–∞–º–º–∞|45-–º–∏–Ω—É—Ç–Ω—ã–π –ø–æ–ª–µ—Ç –ø–æ –º–∞–∫—Å–∏–º–∞–ª—å–Ω–æ–º—É –º–∞—Ä—à—Ä—É—Ç—É;–í–æ–∑–º–æ–∂–Ω–æ—Å—Ç—å –≤—ã—Å–∞–¥–∫–∏ –¥–ª—è —Ñ–æ—Ç–æ—Å–µ—Å—Å–∏–π;–û—Ç–¥–∞–ª–µ–Ω–Ω—ã–µ –ª–µ–¥–Ω–∏–∫–∏ –∏ –≥–æ—Ä–Ω—ã–µ –≤–µ—Ä—à–∏–Ω—ã;–≠–∫—Å–∫–ª—é–∑–∏–≤–Ω—ã–µ –ª–æ–∫–∞—Ü–∏–∏ –Ω–µ–¥–æ—Å—Ç—É–ø–Ω—ã–µ –¥—Ä—É–≥–∏–º —Å–ø–æ—Å–æ–±–æ–º##üí∞ –°—Ç–æ–∏–º–æ—Å—Ç—å|–ó–∞ –ø–æ–ª–µ—Ç 45 –º–∏–Ω—É—Ç ‚Äî $940;–î–æ 3 –ø–∞—Å—Å–∞–∂–∏—Ä–æ–≤;–í–æ–∑–º–æ–∂–Ω–∞ –≤—ã—Å–∞–¥–∫–∞"
airplane-30min,–õ–µ–≥–∫–æ–º–æ—Ç–æ—Ä–Ω—ã–π —Å–∞–º–æ–ª–µ—Ç 30 –º–∏–Ω—É—Ç,–ü–æ–ª–µ—Ç –Ω–∞ –ª–µ–≥–∫–æ–º–æ—Ç–æ—Ä–Ω–æ–º —Å–∞–º–æ–ª–µ—Ç–µ –Ω–∞–¥ –û–≥–Ω–µ–Ω–Ω–æ–π –ó–µ–º–ª–µ–π (30 –º–∏–Ω—É—Ç),https://images.unsplash.com/photo-1436491865332-7a61a109cc05,https://images.unsplash.com/photo-1436491865332-7a61a109cc05,–ê–≤–∏–∞—Ü–∏—è,30 –º–∏–Ω—É—Ç,–õ–µ–≥–∫–æ–º–æ—Ç–æ—Ä–Ω—ã–π —Å–∞–º–æ–ª–µ—Ç;–û–±–∑–æ—Ä–Ω—ã–π –ø–æ–ª–µ—Ç;–≠–∫–æ–Ω–æ–º–∏—á–Ω–∞—è –∞–≤–∏–∞—Ü–∏—è;–ü–∞–Ω–æ—Ä–∞–º—ã,"<strong>–ê–≤–∏–∞—Ü–∏—è –¥–ª—è –≤—Å–µ—Ö</strong> ‚Äî –±–æ–ª–µ–µ —ç–∫–æ–Ω–æ–º–∏—á–Ω—ã–π —Å–ø–æ—Å–æ–± —É–≤–∏–¥–µ—Ç—å –û–≥–Ω–µ–Ω–Ω—É—é –ó–µ–º–ª—é —Å –≤—ã—Å–æ—Ç—ã. –ü–æ–ª–µ—Ç –Ω–∞ –ª–µ–≥–∫–æ–º —Å–∞–º–æ–ª–µ—Ç–µ —Å –æ—Ç–ª–∏—á–Ω—ã–º–∏ –≤–∏–¥–∞–º–∏.","‚úàÔ∏è –î–æ—Å—Ç—É–ø–Ω–∞—è –∞–≤–∏–∞—Ü–∏—è|30-–º–∏–Ω—É—Ç–Ω—ã–π –ø–æ–ª–µ—Ç –Ω–∞ –ª–µ–≥–∫–æ–º —Å–∞–º–æ–ª–µ—Ç–µ;–ü–∞–Ω–æ—Ä–∞–º–Ω—ã–µ –≤–∏–¥—ã –Ω–∞ –∫–∞–Ω–∞–ª –ë–∏–≥–ª—å;–ë–æ–ª–µ–µ —ç–∫–æ–Ω–æ–º–∏—á–Ω–∞—è –∞–ª—å—Ç–µ—Ä–Ω–∞—Ç–∏–≤–∞ –≤–µ—Ä—Ç–æ–ª–µ—Ç—É;–î–æ 3-4 –ø–∞—Å—Å–∞–∂–∏—Ä–æ–≤##üí∞ –°—Ç–æ–∏–º–æ—Å—Ç—å|–ó–∞ –ø–æ–ª–µ—Ç 30 –º–∏–Ω—É—Ç ‚Äî $130;–≠–∫–æ–Ω–æ–º–∏—á–Ω–∞—è –∞–≤–∏–∞—Ü–∏—è"
airplane-60min,–õ–µ–≥–∫–æ–º–æ—Ç–æ—Ä–Ω—ã–π —Å–∞–º–æ–ª–µ—Ç 60 –º–∏–Ω—É—Ç,–ß–∞—Å–æ–≤–æ–π –ø–æ–ª–µ—Ç –Ω–∞ –ª–µ–≥–∫–æ–º–æ—Ç–æ—Ä–Ω–æ–º —Å–∞–º–æ–ª–µ—Ç–µ —Å —Ä–∞—Å—à–∏—Ä–µ–Ω–Ω—ã–º –º–∞—Ä—à—Ä—É—Ç–æ–º,https://images.unsplash.com/photo-1436491865332-7a61a109cc05,https://images.unsplash.com/photo-1436491865332-7a61a109cc05,–ê–≤–∏–∞—Ü–∏—è,60 –º–∏–Ω—É—Ç,–ß–∞—Å–æ–≤–æ–π –ø–æ–ª–µ—Ç;–†–∞—Å—à–∏—Ä–µ–Ω–Ω—ã–π –º–∞—Ä—à—Ä—É—Ç;–õ–µ–≥–∫–∏–π —Å–∞–º–æ–ª–µ—Ç;–ë–æ–ª—å—à–µ –ª–æ–∫–∞—Ü–∏–π,"<strong>–ß–∞—Å–æ–≤–æ–π –ø–æ–ª–µ—Ç</strong> ‚Äî —Ä–∞—Å—à–∏—Ä–µ–Ω–Ω–∞—è –ø—Ä–æ–≥—Ä–∞–º–º–∞ –Ω–∞ –ª–µ–≥–∫–æ–º —Å–∞–º–æ–ª–µ—Ç–µ —Å –æ—Ö–≤–∞—Ç–æ–º –±–æ–ª—å—à–µ–π —Ç–µ—Ä—Ä–∏—Ç–æ—Ä–∏–∏ –û–≥–Ω–µ–Ω–Ω–æ–π –ó–µ–º–ª–∏.","üó∫Ô∏è –†–∞—Å—à–∏—Ä–µ–Ω–Ω—ã–π –º–∞—Ä—à—Ä—É—Ç|–ß–∞—Å–æ–≤–æ–π –ø–æ–ª–µ—Ç —Å —Ä–∞—Å—à–∏—Ä–µ–Ω–Ω—ã–º –º–∞—Ä—à—Ä—É—Ç–æ–º;–û—Ö–≤–∞—Ç –±–æ–ª—å—à–µ–π —Ç–µ—Ä—Ä–∏—Ç–æ—Ä–∏–∏ –û–≥–Ω–µ–Ω–Ω–æ–π –ó–µ–º–ª–∏;–õ–µ–¥–Ω–∏–∫–∏ –≥–æ—Ä—ã –∏ –æ–∫–µ–∞–Ω—Å–∫–æ–µ –ø–æ–±–µ—Ä–µ–∂—å–µ;–ú–∞–∫—Å–∏–º–∞–ª—å–Ω—ã–π –æ–±–∑–æ—Ä –∑–∞ —Ä–∞–∑—É–º–Ω—É—é —Ü–µ–Ω—É##üí∞ –°—Ç–æ–∏–º–æ—Å—Ç—å|–ó–∞ –ø–æ–ª–µ—Ç 60 –º–∏–Ω—É—Ç ‚Äî $240;–î–æ 3-4 –ø–∞—Å—Å–∞–∂–∏—Ä–æ–≤"
air-transfers,–ê—ç—Ä–æ—Ç—Ä–∞–Ω—Å—Ñ–µ—Ä—ã,–¢—Ä–∞–Ω—Å—Ñ–µ—Ä—ã –Ω–∞ –ª–µ–≥–∫–∏—Ö —Å–∞–º–æ–ª–µ—Ç–∞—Ö –∏–ª–∏ –≤–µ—Ä—Ç–æ–ª–µ—Ç–∞—Ö –≤ —Ç—Ä—É–¥–Ω–æ–¥–æ—Å—Ç—É–ø–Ω—ã–µ –º–µ—Å—Ç–∞,https://images.unsplash.com/photo-1436491865332-7a61a109cc05,https://images.unsplash.com/photo-1436491865332-7a61a109cc05,–¢—Ä–∞–Ω—Å—Ñ–µ—Ä—ã,–ü–æ –∑–∞–ø—Ä–æ—Å—É,VIP —Ç—Ä–∞–Ω—Å—Ñ–µ—Ä—ã;–≠–∫—Å–∫–ª—é–∑–∏–≤–Ω—ã–µ –ª–æ–∫–∞—Ü–∏–∏;–í–µ—Ä—Ç–æ–ª–µ—Ç—ã –∏ —Å–∞–º–æ–ª–µ—Ç—ã;–ò–Ω–¥–∏–≤–∏–¥—É–∞–ª—å–Ω—ã–µ –º–∞—Ä—à—Ä—É—Ç—ã,"<strong>VIP –∞–≤–∏–∞—Ç—Ä–∞–Ω—Å—Ñ–µ—Ä—ã</strong> ‚Äî —ç–∫—Å–∫–ª—é–∑–∏–≤–Ω—ã–µ –ø–µ—Ä–µ–ª–µ—Ç—ã –≤ —Ç—Ä—É–¥–Ω–æ–¥–æ—Å—Ç—É–ø–Ω—ã–µ –º–µ—Å—Ç–∞. –í—ã—Å–∞–¥–∫–∏ –Ω–∞ –≥–æ—Ä–Ω—ã—Ö –≤–µ—Ä—à–∏–Ω–∞—Ö –æ—Ç–¥–∞–ª–µ–Ω–Ω—ã—Ö –ø–ª—è–∂–∞—Ö –∏–ª–∏ –≤ —ç—Å—Ç–∞–Ω—Å–∏—è—Ö.","üõ©Ô∏è –≠–∫—Å–∫–ª—é–∑–∏–≤–Ω—ã–µ —Ç—Ä–∞–Ω—Å—Ñ–µ—Ä—ã|–ò–Ω–¥–∏–≤–∏–¥—É–∞–ª—å–Ω—ã–µ –º–∞—Ä—à—Ä—É—Ç—ã –Ω–∞ –≤–µ—Ä—Ç–æ–ª–µ—Ç–∞—Ö/—Å–∞–º–æ–ª–µ—Ç–∞—Ö;–î–æ—Å—Ç–∞–≤–∫–∞ –≤ —ç–∫—Å–∫–ª—é–∑–∏–≤–Ω—ã–µ –ª–æ–∫–∞—Ü–∏–∏;–í—ã—Å–∞–¥–∫–∏ –≤ –≥–æ—Ä–∞—Ö –æ—Ç–¥–∞–ª–µ–Ω–Ω—ã—Ö —Ä–∞–Ω—á–æ;–ü–æ–ª–Ω–∞—è —Å–≤–æ–±–æ–¥–∞ –≤ –≤—ã–±–æ—Ä–µ –º–∞—Ä—à—Ä—É—Ç–∞##üí∞ –°—Ç–æ–∏–º–æ—Å—Ç—å|–ü–æ –∏–Ω–¥–∏–≤–∏–¥—É–∞–ª—å–Ω–æ–º—É –∑–∞–ø—Ä–æ—Å—É;–ó–∞–≤–∏—Å–∏—Ç –æ—Ç –º–∞—Ä—à—Ä—É—Ç–∞ –∏ —Ç–∏–ø–∞ –≤–æ–∑–¥—É—à–Ω–æ–≥–æ —Å—É–¥–Ω–∞"
puerto-williams-transfer,–ú–æ—Ä—Å–∫–æ–π —Ç—Ä–∞–Ω—Å—Ñ–µ—Ä Puerto Williams,–¢—Ä–∞–Ω—Å—Ñ–µ—Ä —á–µ—Ä–µ–∑ –∫–∞–Ω–∞–ª –ë–∏–≥–ª—å –≤ Puerto Williams (–ß–∏–ª–∏) –Ω–∞ –∫–∞—Ç–∞–º–∞—Ä–∞–Ω–µ,https://images.unsplash.com/photo-1544551763-77ef2d0cfc6c,https://images.unsplash.com/photo-1544551763-77ef2d0cfc6c,–¢—Ä–∞–Ω—Å—Ñ–µ—Ä—ã,3 —á–∞—Å–∞,–ú–µ–∂–¥—É–Ω–∞—Ä–æ–¥–Ω—ã–π —Ç—Ä–∞–Ω—Å—Ñ–µ—Ä;Puerto Williams –ß–∏–ª–∏;–ö–∞—Ç–∞–º–∞—Ä–∞–Ω;–ö–∞–Ω–∞–ª –ë–∏–≥–ª—å,"<strong>–í –ß–∏–ª–∏ –ø–æ –º–æ—Ä—é</strong> ‚Äî –∂–∏–≤–æ–ø–∏—Å–Ω—ã–π —Ç—Ä–∞–Ω—Å—Ñ–µ—Ä —á–µ—Ä–µ–∑ –∫–∞–Ω–∞–ª –ë–∏–≥–ª—å –≤ —Å–∞–º—ã–π —é–∂–Ω—ã–π –≥–æ—Ä–æ–¥ –ß–∏–ª–∏ ‚Äî Puerto Williams. –ú–æ—Ä—Å–∫–æ–µ –ø—É—Ç–µ—à–µ—Å—Ç–≤–∏–µ –º–µ–∂–¥—É –¥–≤—É–º—è —Å—Ç—Ä–∞–Ω–∞–º–∏.","‚õ¥Ô∏è –ú–µ–∂–¥—É–Ω–∞—Ä–æ–¥–Ω—ã–π –º–æ—Ä—Å–∫–æ–π —Ç—Ä–∞–Ω—Å—Ñ–µ—Ä|–ü–µ—Ä–µ—Ö–æ–¥ —á–µ—Ä–µ–∑ –∫–∞–Ω–∞–ª –ë–∏–≥–ª—å –≤ –ß–∏–ª–∏;–°–∞–º—ã–π —é–∂–Ω—ã–π –≥–æ—Ä–æ–¥ –ß–∏–ª–∏ ‚Äî Puerto Williams;–ñ–∏–≤–æ–ø–∏—Å–Ω–æ–µ –º–æ—Ä—Å–∫–æ–µ –ø—É—Ç–µ—à–µ—Å—Ç–≤–∏–µ;–ü–∞—Å–ø–æ—Ä—Ç–Ω—ã–π –∫–æ–Ω—Ç—Ä–æ–ª—å –∏ —Ç–∞–º–æ–∂–Ω—è##üí∞ –°—Ç–æ–∏–º–æ—Å—Ç—å|–í –æ–¥–Ω—É —Å—Ç–æ—Ä–æ–Ω—É ‚Äî $200;–¢—É–¥–∞-–æ–±—Ä–∞—Ç–Ω–æ ‚Äî $350;–î–µ—Ç—Å–∫–∏–π –±–∏–ª–µ—Ç ‚Äî $100/$175"
transfer-airport-city,–¢—Ä–∞–Ω—Å—Ñ–µ—Ä –∞—ç—Ä–æ–ø–æ—Ä—Ç - —Ü–µ–Ω—Ç—Ä –≥–æ—Ä–æ–¥–∞,–¢—Ä–∞–Ω—Å—Ñ–µ—Ä –º–µ–∂–¥—É –∞—ç—Ä–æ–ø–æ—Ä—Ç–æ–º –∏ —Ü–µ–Ω—Ç—Ä–æ–º –£—à—É–∞–π–∏,https://images.unsplash.com/photo-1449824913935-59a10b8d2000,https://images.unsplash.com/photo-1449824913935-59a10b8d2000,–¢—Ä–∞–Ω—Å—Ñ–µ—Ä—ã,30-40 –º–∏–Ω—É—Ç,–ê—ç—Ä–æ–ø–æ—Ä—Ç;–¶–µ–Ω—Ç—Ä –≥–æ—Ä–æ–¥–∞;–ì—Ä—É–ø–ø–æ–≤–æ–π –∏–ª–∏ —á–∞—Å—Ç–Ω—ã–π;–†—É—Å—Å–∫–æ–µ —Å–æ–ø—Ä–æ–≤–æ–∂–¥–µ–Ω–∏–µ –æ–ø—Ü–∏–æ–Ω–∞–ª—å–Ω–æ,"<strong>–í—Å—Ç—Ä–µ—á–∞ –∏ –ø—Ä–æ–≤–æ–¥—ã</strong> ‚Äî –∫–æ–º—Ñ–æ—Ä—Ç–Ω—ã–π —Ç—Ä–∞–Ω—Å—Ñ–µ—Ä –º–µ–∂–¥—É –∞—ç—Ä–æ–ø–æ—Ä—Ç–æ–º –£—à—É–∞–π–∏ –∏ –æ—Ç–µ–ª—è–º–∏ –≤ —Ü–µ–Ω—Ç—Ä–µ –≥–æ—Ä–æ–¥–∞ —Å –≤–æ–∑–º–æ–∂–Ω–æ—Å—Ç—å—é —Ä—É—Å—Å–∫–æ–≥–æ–≤–æ—Ä—è—â–µ–≥–æ —Å–æ–ø—Ä–æ–≤–æ–∂–¥–µ–Ω–∏—è.","üöó –í–∏–¥—ã —Ç—Ä–∞–Ω—Å—Ñ–µ—Ä–∞|–ì—Ä—É–ø–ø–æ–≤–æ–π —Ç—Ä–∞–Ω—Å—Ñ–µ—Ä ‚Äî $15 –∑–∞ —á–µ–ª–æ–≤–µ–∫–∞;–ß–∞—Å—Ç–Ω—ã–π 1-3 –ø–∞—Å—Å–∞–∂–∏—Ä–∞ ‚Äî $54;–ß–∞—Å—Ç–Ω—ã–π 4-6 –ø–∞—Å—Å–∞–∂–∏—Ä–æ–≤ ‚Äî $108;–†—É—Å—Å–∫–æ–≥–æ–≤–æ—Ä—è—â–µ–µ —Å–æ–ø—Ä–æ–≤–æ–∂–¥–µ–Ω–∏–µ ‚Äî $100##üí∞ –°—Ç–æ–∏–º–æ—Å—Ç—å|–ì—Ä—É–ø–ø–æ–≤–æ–π ‚Äî $15/—á–µ–ª;–ß–∞—Å—Ç–Ω—ã–π 1-3 ‚Äî $54;–ß–∞—Å—Ç–Ω—ã–π 4-6 ‚Äî $108;–†—É—Å—Å–∫–∏–π –≥–∏–¥ ‚Äî $100"
transfer-airport-arakur,–¢—Ä–∞–Ω—Å—Ñ–µ—Ä –∞—ç—Ä–æ–ø–æ—Ä—Ç - Arakur,–¢—Ä–∞–Ω—Å—Ñ–µ—Ä –º–µ–∂–¥—É –∞—ç—Ä–æ–ø–æ—Ä—Ç–æ–º –∏ –æ—Ç–µ–ª–µ–º Arakur –Ω–∞ –≥–æ—Ä–µ,https://images.unsplash.com/photo-1449824913935-59a10b8d2000,https://images.unsplash.com/photo-1449824913935-59a10b8d2000,–¢—Ä–∞–Ω—Å—Ñ–µ—Ä—ã,45 –º–∏–Ω—É—Ç,–û—Ç–µ–ª—å Arakur;–ì–æ—Ä–Ω–∞—è –ª–æ–∫–∞—Ü–∏—è;–ü–∞–Ω–æ—Ä–∞–º–Ω—ã–µ –≤–∏–¥—ã;–£–≤–µ–ª–∏—á–µ–Ω–Ω–æ–µ —Ä–∞—Å—Å—Ç–æ—è–Ω–∏–µ,"<strong>–í –≥–æ—Ä–Ω—ã–π –æ—Ç–µ–ª—å</strong> ‚Äî —Ç—Ä–∞–Ω—Å—Ñ–µ—Ä –≤ —Ä–æ—Å–∫–æ—à–Ω—ã–π –æ—Ç–µ–ª—å Arakur —Ä–∞—Å–ø–æ–ª–æ–∂–µ–Ω–Ω—ã–π –Ω–∞ —Å–∫–ª–æ–Ω–µ –≥–æ—Ä—ã —Å –ø–∞–Ω–æ—Ä–∞–º–Ω—ã–º–∏ –≤–∏–¥–∞–º–∏ –Ω–∞ –∫–∞–Ω–∞–ª –ë–∏–≥–ª—å.","üèîÔ∏è –ì–æ—Ä–Ω—ã–π –æ—Ç–µ–ª—å|–ì—Ä—É–ø–ø–æ–≤–æ–π —Ç—Ä–∞–Ω—Å—Ñ–µ—Ä ‚Äî $20 –∑–∞ —á–µ–ª–æ–≤–µ–∫–∞;–ß–∞—Å—Ç–Ω—ã–π 1-3 –ø–∞—Å—Å–∞–∂–∏—Ä–∞ ‚Äî $72;–ß–∞—Å—Ç–Ω—ã–π 4-6 –ø–∞—Å—Å–∞–∂–∏—Ä–æ–≤ ‚Äî $144;–†—É—Å—Å–∫–æ–≥–æ–≤–æ—Ä—è—â–µ–µ —Å–æ–ø—Ä–æ–≤–æ–∂–¥–µ–Ω–∏–µ ‚Äî $100##üí∞ –°—Ç–æ–∏–º–æ—Å—Ç—å|–ì—Ä—É–ø–ø–æ–≤–æ–π ‚Äî $20/—á–µ–ª;–ß–∞—Å—Ç–Ω—ã–π 1-3 ‚Äî $72;–ß–∞—Å—Ç–Ω—ã–π 4-6 ‚Äî $144"
transfer-hotel-port,–¢—Ä–∞–Ω—Å—Ñ–µ—Ä –æ—Ç–µ–ª—å - –ø–æ—Ä—Ç/—Ä–µ—Å—Ç–æ—Ä–∞–Ω,–¢—Ä–∞–Ω—Å—Ñ–µ—Ä—ã –º–µ–∂–¥—É –æ—Ç–µ–ª—è–º–∏ –∏ –ø–æ—Ä—Ç–æ–º –∏–ª–∏ —Ä–µ—Å—Ç–æ—Ä–∞–Ω–∞–º–∏ –≤ –≥–æ—Ä–æ–¥–µ,https://images.unsplash.com/photo-1449824913935-59a10b8d2000,https://images.unsplash.com/photo-1449824913935-59a10b8d2000,–¢—Ä–∞–Ω—Å—Ñ–µ—Ä—ã,15-30 –º–∏–Ω—É—Ç,–ì–æ—Ä–æ–¥—Å–∫–∏–µ —Ç—Ä–∞–Ω—Å—Ñ–µ—Ä—ã;–ü–æ—Ä—Ç;–†–µ—Å—Ç–æ—Ä–∞–Ω—ã;–£–¥–æ–±—Å—Ç–≤–æ –ø–µ—Ä–µ–¥–≤–∏–∂–µ–Ω–∏—è,"<strong>–ì–æ—Ä–æ–¥—Å–∫–∏–µ —Ç—Ä–∞–Ω—Å—Ñ–µ—Ä—ã</strong> ‚Äî –∫–æ–º—Ñ–æ—Ä—Ç–Ω—ã–µ –ø–µ—Ä–µ–µ–∑–¥—ã –º–µ–∂–¥—É –æ—Ç–µ–ª—è–º–∏ –ø–æ—Ä—Ç–æ–º –∏ —Ä–µ—Å—Ç–æ—Ä–∞–Ω–∞–º–∏ –£—à—É–∞–π–∏ –¥–ª—è –º–∞–∫—Å–∏–º–∞–ª—å–Ω–æ–≥–æ —É–¥–æ–±—Å—Ç–≤–∞ –≥–æ—Å—Ç–µ–π.","üè® –ì–æ—Ä–æ–¥—Å–∫–∏–µ –ø–æ–µ–∑–¥–∫–∏|–û—Ç –æ—Ç–µ–ª–µ–π –≤ —Ü–µ–Ω—Ç—Ä–µ ‚Äî $15/—á–µ–ª (–≥—Ä—É–ø–ø.) $54 (—á–∞—Å—Ç–Ω.);–û—Ç Arakur ‚Äî $20/—á–µ–ª (–≥—Ä—É–ø–ø.) $72 (—á–∞—Å—Ç–Ω.);–†—É—Å—Å–∫–æ–µ —Å–æ–ø—Ä–æ–≤–æ–∂–¥–µ–Ω–∏–µ ‚Äî $100;–ß–∞—Å –æ–∂–∏–¥–∞–Ω–∏—è ‚Äî $60##üí∞ –°—Ç–æ–∏–º–æ—Å—Ç—å|–¶–µ–Ω—Ç—Ä: $15/—á–µ–ª –∏–ª–∏ $54 —á–∞—Å—Ç–Ω.;Arakur: $20/—á–µ–ª –∏–ª–∏ $72 —á–∞—Å—Ç–Ω.;–û–∂–∏–¥–∞–Ω–∏–µ ‚Äî $60/—á–∞—Å"
transfer-cruise-ship,–¢—Ä–∞–Ω—Å—Ñ–µ—Ä –∫—Ä—É–∏–∑–Ω—ã–π –∫–æ—Ä–∞–±–ª—å,–¢—Ä–∞–Ω—Å—Ñ–µ—Ä—ã –º–µ–∂–¥—É –∫—Ä—É–∏–∑–Ω—ã–º —Ç–µ—Ä–º–∏–Ω–∞–ª–æ–º –∏ –æ—Ç–µ–ª—è–º–∏/–∞—ç—Ä–æ–ø–æ—Ä—Ç–æ–º,https://images.unsplash.com/photo-1449824913935-59a10b8d2000,https://images.unsplash.com/photo-1449824913935-59a10b8d2000,–¢—Ä–∞–Ω—Å—Ñ–µ—Ä—ã,30-60 –º–∏–Ω—É—Ç,–ö—Ä—É–∏–∑–Ω—ã–π —Ç–µ—Ä–º–∏–Ω–∞–ª;–°–ø–µ—Ü–∏–∞–ª—å–Ω—ã–µ —É—Å–ª–æ–≤–∏—è;–õ–æ–≥–∏—Å—Ç–∏–∫–∞ –¥–ª—è –∫—Ä—É–∏–∑–Ω—ã—Ö –ø–∞—Å—Å–∞–∂–∏—Ä–æ–≤;–£–≤–µ–ª–∏—á–µ–Ω–Ω–∞—è —Å—Ç–æ–∏–º–æ—Å—Ç—å,"<strong>–ö—Ä—É–∏–∑–Ω–∞—è –ª–æ–≥–∏—Å—Ç–∏–∫–∞</strong> ‚Äî —Å–ø–µ—Ü–∏–∞–ª–∏–∑–∏—Ä–æ–≤–∞–Ω–Ω—ã–µ —Ç—Ä–∞–Ω—Å—Ñ–µ—Ä—ã –¥–ª—è –ø–∞—Å—Å–∞–∂–∏—Ä–æ–≤ –∫—Ä—É–∏–∑–Ω—ã—Ö —Å—É–¥–æ–≤ –º–µ–∂–¥—É —Ç–µ—Ä–º–∏–Ω–∞–ª–æ–º –∏ –≥–æ—Ä–æ–¥—Å–∫–æ–π –∏–Ω—Ñ—Ä–∞—Å—Ç—Ä—É–∫—Ç—É—Ä–æ–π.","üö¢ –ö—Ä—É–∏–∑–Ω—ã–µ —Ç—Ä–∞–Ω—Å—Ñ–µ—Ä—ã|–ì—Ä—É–ø–ø–æ–≤–æ–π —Ç—Ä–∞–Ω—Å—Ñ–µ—Ä ‚Äî $35 –∑–∞ —á–µ–ª–æ–≤–µ–∫–∞;–ß–∞—Å—Ç–Ω—ã–µ —Ç—Ä–∞–Ω—Å—Ñ–µ—Ä—ã ‚Äî –ø–æ –∑–∞–ø—Ä–æ—Å—É;–õ–æ–≥–∏—Å—Ç–∏–∫–∞ –ø–æ–¥ —Ä–∞—Å–ø–∏—Å–∞–Ω–∏–µ –∫—Ä—É–∏–∑–æ–≤;–†—É—Å—Å–∫–æ–≥–æ–≤–æ—Ä—è—â–µ–µ —Å–æ–ø—Ä–æ–≤–æ–∂–¥–µ–Ω–∏–µ ‚Äî $100##üí∞ –°—Ç–æ–∏–º–æ—Å—Ç—å|–ì—Ä—É–ø–ø–æ–≤–æ–π ‚Äî $35/—á–µ–ª;–ß–∞—Å—Ç–Ω—ã–π ‚Äî –ø–æ –∑–∞–ø—Ä–æ—Å—É;–ü—Ä–∏–≤—è–∑–∫–∞ –∫ —Ä–∞—Å–ø–∏—Å–∞–Ω–∏—é –∫—Ä—É–∏–∑–æ–≤"
transfer-full-day,–¢—Ä–∞–Ω—Å—Ñ–µ—Ä –Ω–∞ —Ü–µ–ª—ã–π –¥–µ–Ω—å,–ê—Ä–µ–Ω–¥–∞ –∞–≤—Ç–æ–º–æ–±–∏–ª—è —Å –≤–æ–¥–∏—Ç–µ–ª–µ–º –Ω–∞ –≤–µ—Å—å –¥–µ–Ω—å –≤ –ø—Ä–µ–¥–µ–ª–∞—Ö 150 –∫–º –æ—Ç –£—à—É–∞–π–∏,https://images.unsplash.com/photo-1449824913935-59a10b8d2000,https://images.unsplash.com/photo-1449824913935-59a10b8d2000,–¢—Ä–∞–Ω—Å—Ñ–µ—Ä—ã,–í–µ—Å—å –¥–µ–Ω—å,–ê—Ä–µ–Ω–¥–∞ —Å –≤–æ–¥–∏—Ç–µ–ª–µ–º;150 –∫–º —Ä–∞–¥–∏—É—Å;–ì–∏–±–∫–∏–π –º–∞—Ä—à—Ä—É—Ç;–†—É—Å—Å–∫–æ–≥–æ–≤–æ—Ä—è—â–∏–π –≥–∏–¥ –æ–ø—Ü–∏–æ–Ω–∞–ª—å–Ω–æ,"<strong>–ü–æ–ª–Ω–∞—è —Å–≤–æ–±–æ–¥–∞ –ø–µ—Ä–µ–¥–≤–∏–∂–µ–Ω–∏—è</strong> ‚Äî –∞—Ä–µ–Ω–¥–∞ –∞–≤—Ç–æ–º–æ–±–∏–ª—è —Å –≤–æ–¥–∏—Ç–µ–ª–µ–º –Ω–∞ —Ü–µ–ª—ã–π –¥–µ–Ω—å –¥–ª—è –∏–Ω–¥–∏–≤–∏–¥—É–∞–ª—å–Ω—ã—Ö –º–∞—Ä—à—Ä—É—Ç–æ–≤ –∏ –º–∞–∫—Å–∏–º–∞–ª—å–Ω–æ–π –≥–∏–±–∫–æ—Å—Ç–∏.","üó∫Ô∏è –°–≤–æ–±–æ–¥–∞ –º–∞—Ä—à—Ä—É—Ç–∞|–ê–≤—Ç–æ–º–æ–±–∏–ª—å —Å –≤–æ–¥–∏—Ç–µ–ª–µ–º –Ω–∞ –≤–µ—Å—å –¥–µ–Ω—å;–†–∞–¥–∏—É—Å –¥–µ–π—Å—Ç–≤–∏—è ‚Äî 150 –∫–º –æ—Ç –£—à—É–∞–π–∏;–ì–∏–±–∫–∏–µ –º–∞—Ä—à—Ä—É—Ç—ã –∏ –æ—Å—Ç–∞–Ω–æ–≤–∫–∏;–†—É—Å—Å–∫–æ–≥–æ–≤–æ—Ä—è—â–∏–π –≥–∏–¥ ‚Äî $400##üí∞ –°—Ç–æ–∏–º–æ—Å—Ç—å|–ó–∞ –¥–µ–Ω—å ‚Äî $500 (1-6 –ø–∞—Å—Å–∞–∂–∏—Ä–æ–≤);–†—É—Å—Å–∫–∏–π –≥–∏–¥ ‚Äî $400;–†–∞–¥–∏—É—Å ‚Äî 150 –∫–º"
transfer-el-calafate,–¢—Ä–∞–Ω—Å—Ñ–µ—Ä –£—à—É–∞–π—è - –≠–ª—å –ö–∞–ª–∞—Ñ–∞—Ç–µ,–ù–∞–∑–µ–º–Ω—ã–π —Ç—Ä–∞–Ω—Å—Ñ–µ—Ä –º–µ–∂–¥—É –£—à—É–∞–π–µ–π –∏ –≠–ª—å-–ö–∞–ª–∞—Ñ–∞—Ç–µ —á–µ—Ä–µ–∑ –≥—Ä–∞–Ω–∏—Ü—É —Å –ß–∏–ª–∏,https://images.unsplash.com/photo-1449824913935-59a10b8d2000,https://images.unsplash.com/photo-1449824913935-59a10b8d2000,–¢—Ä–∞–Ω—Å—Ñ–µ—Ä—ã,8-10 —á–∞—Å–æ–≤,–ú–µ–∂–¥—É–Ω–∞—Ä–æ–¥–Ω—ã–π —Ç—Ä–∞–Ω—Å—Ñ–µ—Ä;–ì—Ä–∞–Ω–∏—Ü–∞ –ß–∏–ª–∏;–î–ª–∏—Ç–µ–ª—å–Ω—ã–π –ø–µ—Ä–µ–µ–∑–¥;–ü–∞–Ω–æ—Ä–∞–º–Ω—ã–µ –≤–∏–¥—ã,"<strong>–ù–∞–∑–µ–º–Ω–æ–µ –ø—É—Ç–µ—à–µ—Å—Ç–≤–∏–µ</strong> ‚Äî –∂–∏–≤–æ–ø–∏—Å–Ω—ã–π –Ω–æ –¥–ª–∏—Ç–µ–ª—å–Ω—ã–π —Ç—Ä–∞–Ω—Å—Ñ–µ—Ä —á–µ—Ä–µ–∑ –≥—Ä–∞–Ω–∏—Ü—É –ß–∏–ª–∏ –≤ –≠–ª—å-–ö–∞–ª–∞—Ñ–∞—Ç–µ. –ê–ª—å—Ç–µ—Ä–Ω–∞—Ç–∏–≤–∞ –∞–≤–∏–∞–ø–µ—Ä–µ–ª–µ—Ç—É —Å –æ—Å—Ç–∞–Ω–æ–≤–∫–∞–º–∏ –≤ –ø—É—Ç–∏.","üöó –ù–∞–∑–µ–º–Ω–æ–µ –ø—É—Ç–µ—à–µ—Å—Ç–≤–∏–µ|–ü–µ—Ä–µ–µ–∑–¥ —á–µ—Ä–µ–∑ —Ç–µ—Ä—Ä–∏—Ç–æ—Ä–∏—é –ß–∏–ª–∏;–ü–µ—Ä–µ—Å–µ—á–µ–Ω–∏–µ –º–µ–∂–¥—É–Ω–∞—Ä–æ–¥–Ω—ã—Ö –≥—Ä–∞–Ω–∏—Ü;–û—Å—Ç–∞–Ω–æ–≤–∫–∏ –≤ –∂–∏–≤–æ–ø–∏—Å–Ω—ã—Ö –º–µ—Å—Ç–∞—Ö;8-10 —á–∞—Å–æ–≤ –≤ –ø—É—Ç–∏##üí∞ –°—Ç–æ–∏–º–æ—Å—Ç—å|–ü–æ –∏–Ω–¥–∏–≤–∏–¥—É–∞–ª—å–Ω–æ–º—É –∑–∞–ø—Ä–æ—Å—É;–ó–∞–≤–∏—Å–∏—Ç –æ—Ç —Å–µ–∑–æ–Ω–∞ –∏ —É—Å–ª–æ–≤–∏–π;–í–∫–ª—é—á–∞–µ—Ç –ø–µ—Ä–µ—Å–µ—á–µ–Ω–∏–µ –≥—Ä–∞–Ω–∏—Ü"
underwater-diving,–ü–æ–≥—Ä—É–∂–µ–Ω–∏–µ —Å –∞–∫–≤–∞–ª–∞–Ω–≥–æ–º –≤ –≤–æ–¥—ã –ë–∏–≥–ª,–î–∞–π–≤–∏–Ω–≥ –≤ —Ö–æ–ª–æ–¥–Ω—ã—Ö –≤–æ–¥–∞—Ö –∫–∞–Ω–∞–ª–∞ –ë–∏–≥–ª—å (–±–µ–∑ —Ä—É—Å—Å–∫–æ–≥–æ–≤–æ—Ä—è—â–µ–≥–æ –≥–∏–¥–∞),https://images.unsplash.com/photo-1559827260-dc66d52bef19,https://images.unsplash.com/photo-1559827260-dc66d52bef19,–ê–∫—Ç–∏–≤–Ω–æ—Å—Ç–∏,3-4 —á–∞—Å–∞,–î–∞–π–≤–∏–Ω–≥;–ö–∞–Ω–∞–ª –ë–∏–≥–ª—å;–•–æ–ª–æ–¥–Ω—ã–µ –≤–æ–¥—ã;–ú–æ—Ä—Å–∫–∞—è —Ñ–∞—É–Ω–∞,"<strong>–î–∞–π–≤–∏–Ω–≥ –Ω–∞ –∫—Ä–∞—é —Å–≤–µ—Ç–∞</strong> ‚Äî –ø–æ–≥—Ä—É–∂–µ–Ω–∏–µ –≤ —Ö–æ–ª–æ–¥–Ω—ã–µ —Å—É–±–∞–Ω—Ç–∞—Ä–∫—Ç–∏—á–µ—Å–∫–∏–µ –≤–æ–¥—ã –∫–∞–Ω–∞–ª–∞ –ë–∏–≥–ª—å –¥–ª—è –∑–Ω–∞–∫–æ–º—Å—Ç–≤–∞ —Å —É–Ω–∏–∫–∞–ª—å–Ω–æ–π –º–æ—Ä—Å–∫–æ–π —ç–∫–æ—Å–∏—Å—Ç–µ–º–æ–π.","ü§ø –ü–æ–¥–≤–æ–¥–Ω—ã–π –º–∏—Ä|–î–∞–π–≤–∏–Ω–≥ –≤ —Å—É–±–∞–Ω—Ç–∞—Ä–∫—Ç–∏—á–µ—Å–∫–∏—Ö –≤–æ–¥–∞—Ö;–£–Ω–∏–∫–∞–ª—å–Ω–∞—è –º–æ—Ä—Å–∫–∞—è —ç–∫–æ—Å–∏—Å—Ç–µ–º–∞;–ú–æ—Ä—Å–∫–∏–µ –≤–æ–¥–æ—Ä–æ—Å–ª–∏ –∏ —Ä—ã–±—ã;–°–ø–µ—Ü–∏–∞–ª—å–Ω–æ–µ —Å–Ω–∞—Ä—è–∂–µ–Ω–∏–µ –¥–ª—è —Ö–æ–ª–æ–¥–Ω—ã—Ö –≤–æ–¥##üí∞ –°—Ç–æ–∏–º–æ—Å—Ç—å|–ó–∞ –ø–æ–≥—Ä—É–∂–µ–Ω–∏–µ ‚Äî $180;–°–Ω–∞—Ä—è–∂–µ–Ω–∏–µ –≤–∫–ª—é—á–µ–Ω–æ;–°–µ—Ä—Ç–∏—Ñ–∏–∫–∞—Ç –¥–∞–π–≤–µ—Ä–∞ –æ–±—è–∑–∞—Ç–µ–ª–µ–Ω"
